chr,SNP_start,SNP_end,SNP,LA-ATAC tags,LA-ATAC-peak called,EMERGE,EMERGE-peak called,ATAC-seq+EMERGE peak called,Pmeta,RR,95%_CI,alleles,RAF,chr_Variant region,start_Variant region,end_Variant region,Variant region#
chr1,10796547,10796548,rs17035646,14,1,0.062,1,2,7.88E-09,0.0433,0.0075,A,G,chr1,10789634,10801585,2
chr1,10798489,10798490,rs34071855,26,1,0.089,1,2,4.24E-07,-0.0385,0.0076,C,G,chr1,10789634,10801585,2
chr1,10798552,10798553,rs682178,17,1,0.089,1,2,4.66E-07,-0.0386,0.0077,T,C,chr1,10789634,10801585,2
chr1,10796866,10796867,rs880315,43,1,0.112,2,3,5.04E-09,-0.0437,0.0075,T,C,chr1,10789634,10801585,2
chr1,51984552,51984553,rs191046555,32,1,0.312,2,3,8.82E-06,0.0912,0.0205,C,G,chr1,50814474,51992305,3
chr1,51701842,51701843,rs72692291,114,1,0.424,3,4,4.88E-06,0.0933,0.0204,T,C,chr1,50814474,51992305,3
chr1,51762346,51762347,rs72694106,20,1,0.066,1,2,9.40E-08,0.1488,0.0279,A,G,chr1,50814474,51992305,3
chr1,51889202,51889203,rs72696107,51,1,0.168,2,3,5.18E-08,0.1317,0.0242,A,C,chr1,50814474,51992305,3
chr1,51889585,51889586,rs72696108,11,1,0.093,2,3,5.88E-08,-0.1345,0.0248,A,G,chr1,50814474,51992305,3
chr1,51889891,51889892,rs72696110,5,1,0.085,1,2,5.27E-08,-0.1316,0.0242,T,C,chr1,50814474,51992305,3
chr1,112424004,112424005,rs10857911,24,1,0.06,1,2,3.38E-06,0.0448,0.0096,A,T,chr1,1.12E+08,1.12E+08,4
chr1,112463323,112463324,rs4838926,31,1,0.102,2,3,1.12E-07,-0.0393,0.0074,C,G,chr1,1.12E+08,1.12E+08,4
chr1,112424077,112424078,rs528779,18,1,0.036,1,2,2.95E-06,0.0393,0.0084,T,C,chr1,1.12E+08,1.12E+08,4
chr1,112399115,112399116,rs61788876,21,1,0.051,1,2,4.86E-10,0.073,0.0117,T,C,chr1,1.12E+08,1.12E+08,4
chr1,112462984,112462985,rs6682872,96,1,0.114,2,3,7.58E-08,0.0398,0.0074,A,G,chr1,1.12E+08,1.12E+08,4
chr1,112447472,112447473,rs71513979,54,1,0.094,1,2,9.05E-05,-0.0504,0.0129,T,C,chr1,1.12E+08,1.12E+08,4
chr1,116311924,116311925,rs3810998,16,1,0.053,1,2,1.91E-15,-0.0616,0.0078,T,G,chr1,1.16E+08,1.16E+08,5
chr1,116310967,116310968,rs4074536,17,1,0.063,1,2,4.83E-16,0.063,0.0078,T,C,chr1,1.16E+08,1.16E+08,5
chr1,116298064,116298065,rs4075008,12,1,0.055,1,2,9.76E-10,-0.0469,0.0077,A,C,chr1,1.16E+08,1.16E+08,5
chr1,116310818,116310819,rs4484922,14,1,0.063,1,2,4.57E-16,-0.063,0.0078,C,G,chr1,1.16E+08,1.16E+08,5
chr1,116296510,116296511,rs6693356,30,1,0.058,1,2,9.98E-10,-0.0471,0.0077,A,T,chr1,1.16E+08,1.16E+08,5
chr1,116300137,116300138,rs9428221,15,1,0.055,1,2,5.74E-12,-0.0497,0.0072,A,G,chr1,1.16E+08,1.16E+08,5
chr1,147232740,147232741,rs10465885,30,1,0.131,2,3,9.94E-07,-0.0348,0.0071,T,C,chr1,1.47E+08,1.47E+08,6
chr1,147294113,147294114,rs76831084,175,1,0.053,1,2,6.59E-09,0.1019,0.0176,C,G,chr1,1.47E+08,1.47E+08,6
chr1,154909268,154909269,rs1109815,49,1,1.299,3,4,3.26E-25,0.0769,0.0074,A,G,chr1,1.54E+08,1.55E+08,7
chr1,154914797,154914798,rs11264291,26,1,0.043,1,2,2.41E-25,-0.0787,0.0076,T,C,chr1,1.54E+08,1.55E+08,7
chr1,154948327,154948328,rs12087657,10,1,0.103,2,3,7.97E-54,0.1218,0.0079,T,G,chr1,1.54E+08,1.55E+08,7
chr1,154979973,154979974,rs150107452,35,1,0.061,1,2,2.48E-05,0.1201,0.0285,T,C,chr1,1.54E+08,1.55E+08,7
chr1,154984363,154984364,rs1870940,28,1,0.065,1,2,1.79E-07,0.0438,0.0084,A,G,chr1,1.54E+08,1.55E+08,7
chr1,154990297,154990298,rs2242194,19,1,0.129,2,3,1.70E-23,0.0765,0.0077,C,G,chr1,1.54E+08,1.55E+08,7
chr1,154988957,154988958,rs2242195,25,1,0.061,1,2,5.06E-34,0.09,0.0074,A,G,chr1,1.54E+08,1.55E+08,7
chr1,155025361,155025362,rs2306125,16,1,0.063,1,2,6.00E-05,0.039,0.0097,T,C,chr1,1.54E+08,1.55E+08,7
chr1,154913723,154913724,rs34195153,26,1,0.054,1,2,4.62E-09,-0.2303,0.0393,C,G,chr1,1.54E+08,1.55E+08,7
chr1,154916566,154916567,rs41264249,6,1,0.058,1,2,8.92E-05,-0.1586,0.0405,A,G,chr1,1.54E+08,1.55E+08,7
chr1,154941593,154941594,rs4845401,7,1,0.078,1,2,5.62E-32,0.0914,0.0078,C,G,chr1,1.54E+08,1.55E+08,7
chr1,154400015,154400016,rs4845618,123,1,0.053,1,2,2.94E-08,-0.0395,0.0071,T,G,chr1,1.54E+08,1.55E+08,7
chr1,154911257,154911258,rs4845693,12,1,0.054,1,2,2.24E-24,-0.0755,0.0074,T,C,chr1,1.54E+08,1.55E+08,7
chr1,154911651,154911652,rs4845694,25,1,0.055,1,2,3.95E-25,0.0767,0.0074,C,G,chr1,1.54E+08,1.55E+08,7
chr1,154910930,154910931,rs58629129,13,1,0.053,1,2,2.01E-26,0.0823,0.0077,T,C,chr1,1.54E+08,1.55E+08,7
chr1,154976137,154976138,rs61811895,24,1,0.244,2,3,8.66E-23,0.1004,0.0102,T,G,chr1,1.54E+08,1.55E+08,7
chr1,154400799,154400800,rs6427658,30,1,0.05,1,2,5.31E-10,0.0442,0.0071,T,C,chr1,1.54E+08,1.55E+08,7
chr1,154989595,154989596,rs6673081,25,1,0.133,2,3,5.18E-29,0.0829,0.0074,T,C,chr1,1.54E+08,1.55E+08,7
chr1,154400320,154400321,rs6687726,104,1,0.136,2,3,1.89E-08,0.0399,0.0071,A,G,chr1,1.54E+08,1.55E+08,7
chr1,154988255,154988256,rs71628639,15,1,0.061,1,2,1.65E-05,0.1551,0.036,A,C,chr1,1.54E+08,1.55E+08,7
chr1,154911689,154911690,rs72702224,22,1,0.055,1,2,1.99E-25,-0.0805,0.0077,A,G,chr1,1.54E+08,1.55E+08,7
chr1,154407419,154407420,rs7518199,75,1,0.06,1,2,1.21E-07,0.0383,0.0072,A,C,chr1,1.54E+08,1.55E+08,7
chr1,154404336,154404337,rs7549250,110,1,0.084,2,3,4.33E-09,-0.0418,0.0071,T,C,chr1,1.54E+08,1.55E+08,7
chr1,154404380,154404381,rs7549338,27,1,0.052,1,2,1.71E-10,0.0454,0.0071,C,G,chr1,1.54E+08,1.55E+08,7
chr1,154404406,154404407,rs7553796,27,1,0.066,1,2,1.77E-10,0.0454,0.0071,A,C,chr1,1.54E+08,1.55E+08,7
chr1,154983930,154983931,rs77982133,22,1,0.061,1,2,3.20E-05,-0.087,0.0209,T,C,chr1,1.54E+08,1.55E+08,7
chr1,155023634,155023635,rs78266397,56,1,0.153,2,3,6.54E-05,-0.0372,0.0093,A,G,chr1,1.54E+08,1.55E+08,7
chr1,154910012,154910013,rs877343,81,1,0.685,3,4,3.25E-25,0.0769,0.0074,A,G,chr1,1.54E+08,1.55E+08,7
chr1,170501167,170501168,rs16863397,70,1,1.179,3,4,5.58E-06,-0.0394,0.0087,T,C,chr1,1.70E+08,1.71E+08,8
chr1,170899656,170899657,rs28538985,5,1,0.032,1,2,9.31E-08,-0.0531,0.0099,T,G,chr1,1.70E+08,1.71E+08,8
chr1,170633896,170633897,rs659580,34,1,0.162,2,3,5.84E-13,0.058,0.0081,T,C,chr1,1.70E+08,1.71E+08,8
chr1,170634487,170634488,rs72705052,12,1,0.085,2,3,2.38E-08,-0.0856,0.0153,T,C,chr1,1.70E+08,1.71E+08,8
chr1,170668367,170668368,rs72705060,10,1,0.044,1,2,1.68E-06,-0.0558,0.0116,A,C,chr1,1.70E+08,1.71E+08,8
chr1,170115664,170115665,rs76411981,24,1,0.072,1,2,8.11E-11,0.1232,0.019,A,T,chr1,1.70E+08,1.71E+08,8
chr1,170501167,170501168,rs16863397,70,1,1.179,3,4,5.58E-06,-0.0394,0.0087,T,C,chr1,1.70E+08,1.71E+08,9
chr1,170899656,170899657,rs28538985,5,1,0.032,1,2,9.31E-08,-0.0531,0.0099,T,G,chr1,1.70E+08,1.71E+08,9
chr1,170633896,170633897,rs659580,34,1,0.162,2,3,5.84E-13,0.058,0.0081,T,C,chr1,1.70E+08,1.71E+08,9
chr1,170634487,170634488,rs72705052,12,1,0.085,2,3,2.38E-08,-0.0856,0.0153,T,C,chr1,1.70E+08,1.71E+08,9
chr1,170668367,170668368,rs72705060,10,1,0.044,1,2,1.68E-06,-0.0558,0.0116,A,C,chr1,1.70E+08,1.71E+08,9
chr1,170115664,170115665,rs76411981,24,1,0.072,1,2,8.11E-11,0.1232,0.019,A,T,chr1,1.70E+08,1.71E+08,9
chr1,203038754,203038755,rs1105455,85,1,0.235,2,3,2.77E-05,0.0398,0.0095,T,G,chr1,2.03E+08,2.03E+08,10
chr1,203038713,203038714,rs17508924,88,1,0.188,2,3,5.42E-07,0.0485,0.0097,T,C,chr1,2.03E+08,2.03E+08,10
chr1,203038509,203038510,rs1874143,22,1,0.203,2,3,1.25E-18,-0.0644,0.0073,A,G,chr1,2.03E+08,2.03E+08,10
chr1,203035097,203035098,rs3737881,43,1,0.063,1,2,1.47E-12,-0.053,0.0075,T,C,chr1,2.03E+08,2.03E+08,10
chr1,203038366,203038367,rs74789139,12,1,0.156,2,3,7.96E-05,0.1085,0.0275,A,C,chr1,2.03E+08,2.03E+08,10
chr1,205718468,205718469,rs12047038,61,1,1,3,4,1.37E-05,-0.0348,0.008,A,G,chr1,2.06E+08,2.06E+08,11
chr1,205718858,205718859,rs7536483,150,1,1.865,3,4,2.14E-05,0.0319,0.0075,A,T,chr1,2.06E+08,2.06E+08,11
chr1,205719532,205719533,rs823114,131,1,0.96,3,4,1.37E-07,-0.0374,0.0071,A,G,chr1,2.06E+08,2.06E+08,11
chr10,65225244,65225245,rs1061259,32,1,0.465,2,3,6.34E-08,0.0485,0.009,C,G,chr10,64899875,65400080,12
chr10,65028257,65028258,rs10761732,0,1,0.188,2,3,1.24E-07,0.047,0.0089,T,C,chr10,64899875,65400080,12
chr10,65390634,65390635,rs12218613,55,1,0.843,3,4,5.25E-09,-0.0428,0.0073,T,C,chr10,64899875,65400080,12
chr10,64970448,64970449,rs1579045,41,1,0.071,1,2,7.55E-08,0.0478,0.0089,A,G,chr10,64899875,65400080,12
chr10,65389209,65389210,rs36000532,87,1,0.266,2,3,3.66E-06,-0.0392,0.0085,C,G,chr10,64899875,65400080,12
chr10,65280994,65280995,rs7075901,132,1,0,2,3,4.56E-14,0.0542,0.0072,A,C,chr10,64899875,65400080,12
chr10,75402631,75402632,rs11000727,15,1,0.029,1,2,1.42E-09,0.0722,0.0119,A,G,chr10,75000225,75690059,13
chr10,75404300,75404301,rs11000728,30,1,0.147,2,3,1.31E-23,0.1028,0.0103,C,G,chr10,75000225,75690059,13
chr10,75545063,75545064,rs11000777,208,1,0.273,2,3,1.03E-21,-0.1002,0.0105,C,G,chr10,75000225,75690059,13
chr10,75647491,75647492,rs11000801,33,1,0.082,2,3,1.78E-10,0.0585,0.0092,A,C,chr10,75000225,75690059,13
chr10,75490217,75490218,rs11814282,68,1,1.037,3,4,1.63E-09,-0.0444,0.0074,T,C,chr10,75000225,75690059,13
chr10,75410052,75410053,rs12247028,14,1,0.179,2,3,2.32E-13,0.0578,0.0079,A,G,chr10,75000225,75690059,13
chr10,75494450,75494451,rs12264025,13,1,0.055,1,2,1.54E-09,-0.0444,0.0074,A,G,chr10,75000225,75690059,13
chr10,75504513,75504514,rs12572278,27,1,0.161,2,3,8.70E-22,-0.1018,0.0106,A,C,chr10,75000225,75690059,13
chr10,75504512,75504513,rs12573448,26,1,0,2,3,2.96E-22,0.1025,0.0106,T,G,chr10,75000225,75690059,13
chr10,75570868,75570869,rs12775558,25,1,0.075,2,3,1.26E-08,0.0423,0.0074,A,G,chr10,75000225,75690059,13
chr10,75409877,75409878,rs2177843,74,1,0.423,2,3,4.90E-24,-0.1018,0.0101,T,C,chr10,75000225,75690059,13
chr10,75012122,75012123,rs2271908,25,1,0.192,3,4,5.69E-05,0.0559,0.0139,A,G,chr10,75000225,75690059,13
chr10,75579510,75579511,rs2306328,29,1,0.082,1,2,2.37E-09,0.0442,0.0074,T,C,chr10,75000225,75690059,13
chr10,75489843,75489844,rs28553894,10,1,0.072,1,2,2.26E-08,0.042,0.0075,A,C,chr10,75000225,75690059,13
chr10,75489844,75489845,rs28718766,11,1,0.072,1,2,2.20E-08,0.042,0.0075,A,C,chr10,75000225,75690059,13
chr10,75489721,75489722,rs28736827,22,1,0.059,1,2,1.18E-09,0.0448,0.0074,T,C,chr10,75000225,75690059,13
chr10,75406912,75406913,rs34163229,27,1,0.16,2,3,8.22E-24,-0.1022,0.0102,T,G,chr10,75000225,75690059,13
chr10,75406141,75406142,rs3740293,22,1,0.332,2,3,3.01E-23,0.1,0.0101,A,C,chr10,75000225,75690059,13
chr10,75407290,75407291,rs3812629,46,1,0.168,2,3,1.31E-23,-0.1025,0.0102,A,G,chr10,75000225,75690059,13
chr10,75578948,75578949,rs3843939,18,1,0.052,1,2,7.52E-22,0.1009,0.0105,T,C,chr10,75000225,75690059,13
chr10,75405635,75405636,rs41280404,47,1,0.108,2,3,1.03E-23,0.1022,0.0102,T,G,chr10,75000225,75690059,13
chr10,75402788,75402789,rs4745718,25,1,0.05,1,2,3.85E-07,0.062,0.0122,T,C,chr10,75000225,75690059,13
chr10,75407649,75407650,rs4746139,17,1,0.168,2,3,3.79E-24,0.1034,0.0102,A,C,chr10,75000225,75690059,13
chr10,75414344,75414345,rs60212594,25,1,0.056,1,2,6.48E-27,-0.1097,0.0102,C,G,chr10,75000225,75690059,13
chr10,75415677,75415678,rs60632610,25,1,0.386,2,3,1.04E-26,-0.1093,0.0102,T,C,chr10,75000225,75690059,13
chr10,75639578,75639579,rs60820984,119,1,0.057,1,2,3.88E-12,-0.0637,0.0092,T,C,chr10,75000225,75690059,13
chr10,75503692,75503693,rs7076585,26,1,0.721,3,4,3.90E-09,-0.0436,0.0074,T,C,chr10,75000225,75690059,13
chr10,75504029,75504030,rs7080579,118,1,1.17,3,4,1.09E-09,0.0448,0.0073,A,T,chr10,75000225,75690059,13
chr10,75545117,75545118,rs79936644,129,1,0.243,2,3,9.87E-22,-0.1003,0.0105,T,C,chr10,75000225,75690059,13
chr10,75409967,75409968,rs9664184,15,1,0.224,2,3,2.57E-13,-0.0558,0.0076,T,C,chr10,75000225,75690059,13
chr10,75409992,75409993,rs9664186,23,1,0,2,3,1.06E-12,-0.0547,0.0077,T,C,chr10,75000225,75690059,13
chr10,103824920,103824921,rs11191203,59,1,0.09,2,3,5.91E-08,-0.0526,0.0097,T,C,chr10,1.03E+08,1.04E+08,15
chr10,103603162,103603163,rs12413444,35,1,0.064,1,2,9.49E-09,-0.0459,0.008,T,G,chr10,1.03E+08,1.04E+08,15
chr10,104005386,104005387,rs1541046,23,1,0.389,2,3,2.97E-07,-0.0374,0.0073,A,G,chr10,1.03E+08,1.04E+08,15
chr10,103991381,103991382,rs2281983,12,1,0.061,1,2,2.47E-07,-0.0376,0.0073,A,G,chr10,1.03E+08,1.04E+08,15
chr10,103590594,103590595,rs3781299,48,1,0.175,2,3,9.11E-09,-0.0459,0.008,A,C,chr10,1.03E+08,1.04E+08,15
chr10,103454402,103454403,rs61382490,33,1,0.501,2,3,3.58E-07,0.047,0.0092,A,T,chr10,1.03E+08,1.04E+08,15
chr10,103880118,103880119,rs61874768,47,1,1.865,3,4,1.63E-05,-0.0426,0.0099,T,G,chr10,1.03E+08,1.04E+08,15
chr10,104000307,104000308,rs9664049,23,1,0.058,1,2,1.71E-07,-0.0381,0.0073,T,C,chr10,1.03E+08,1.04E+08,15
chr10,105518179,105518180,rs10466138,12,1,0.056,1,2,1.97E-13,0.0534,0.0073,T,C,chr10,1.05E+08,1.06E+08,16
chr10,105521705,105521706,rs10748848,21,1,0.059,1,2,1.09E-06,-0.0383,0.0078,A,G,chr10,1.05E+08,1.06E+08,16
chr10,105657316,105657317,rs10786775,49,1,0.054,1,2,1.16E-16,-0.098,0.0118,C,G,chr10,1.05E+08,1.06E+08,16
chr10,105519000,105519001,rs10883906,112,1,0,2,3,3.56E-09,-0.0465,0.0079,T,C,chr10,1.05E+08,1.06E+08,16
chr10,105595430,105595431,rs10883922,11,1,0.092,2,3,6.41E-06,0.0343,0.0076,C,G,chr10,1.05E+08,1.06E+08,16
chr10,105615074,105615075,rs10883928,23,1,0,2,3,1.94E-05,-0.0319,0.0075,T,C,chr10,1.05E+08,1.06E+08,16
chr10,105537349,105537350,rs1107300,22,1,0.062,1,2,5.32E-12,-0.056,0.0081,T,C,chr10,1.05E+08,1.06E+08,16
chr10,105396564,105396565,rs11191753,12,1,0.034,1,2,1.00E-16,0.1075,0.0129,C,G,chr10,1.05E+08,1.06E+08,16
chr10,105519725,105519726,rs11191797,5,1,0.09,1,2,1.12E-11,-0.059,0.0087,T,C,chr10,1.05E+08,1.06E+08,16
chr10,105532165,105532166,rs11191801,73,1,0.467,2,3,4.89E-12,-0.0533,0.0077,A,C,chr10,1.05E+08,1.06E+08,16
chr10,105537782,105537783,rs11191804,8,1,0.038,1,2,8.04E-32,0.1147,0.0098,A,G,chr10,1.05E+08,1.06E+08,16
chr10,105539350,105539351,rs11191805,18,1,0.104,2,3,1.77E-22,0.0853,0.0087,A,C,chr10,1.05E+08,1.06E+08,16
chr10,105597446,105597447,rs11191821,13,1,0.08,1,2,9.70E-05,-0.033,0.0085,A,G,chr10,1.05E+08,1.06E+08,16
chr10,105599770,105599771,rs11191822,19,1,0.121,2,3,1.83E-05,0.0323,0.0075,T,G,chr10,1.05E+08,1.06E+08,16
chr10,105614452,105614453,rs11191829,16,1,0.275,2,3,3.26E-05,-0.0309,0.0074,T,G,chr10,1.05E+08,1.06E+08,16
chr10,105511647,105511648,rs11592714,37,1,0.172,2,3,2.50E-32,0.1334,0.0113,T,C,chr10,1.05E+08,1.06E+08,16
chr10,105511601,105511602,rs11592750,24,1,0.172,2,3,1.52E-32,0.1343,0.0113,C,G,chr10,1.05E+08,1.06E+08,16
chr10,105395501,105395502,rs11598294,35,1,0.052,1,2,1.10E-13,0.2146,0.0289,T,C,chr10,1.05E+08,1.06E+08,16
chr10,105427135,105427136,rs117975133,21,1,0.072,1,2,4.03E-07,-0.1177,0.0232,A,G,chr10,1.05E+08,1.06E+08,16
chr10,105438331,105438332,rs12766741,15,1,0.132,2,3,6.51E-19,0.1376,0.0155,A,G,chr10,1.05E+08,1.06E+08,16
chr10,105519364,105519365,rs12779135,15,1,0.142,2,3,8.99E-32,-0.1324,0.0113,A,G,chr10,1.05E+08,1.06E+08,16
chr10,105376021,105376022,rs145978079,15,1,0.06,1,2,1.96E-06,-0.1408,0.0296,A,G,chr10,1.05E+08,1.06E+08,16
chr10,105472989,105472990,rs17115849,8,1,0.055,1,2,8.68E-10,0.0906,0.0148,A,G,chr10,1.05E+08,1.06E+08,16
chr10,105480387,105480388,rs35176054,6,1,0.104,2,3,8.47E-41,0.1458,0.0109,A,T,chr10,1.05E+08,1.06E+08,16
chr10,105428152,105428153,rs3781339,20,1,0.112,2,3,2.56E-20,-0.0834,0.009,T,C,chr10,1.05E+08,1.06E+08,16
chr10,105677897,105677898,rs4387287,204,1,0.219,2,3,4.93E-09,0.0546,0.0093,A,C,chr10,1.05E+08,1.06E+08,16
chr10,105398249,105398250,rs60203807,71,1,0.094,1,2,1.48E-15,-0.1028,0.0129,A,T,chr10,1.05E+08,1.06E+08,16
chr10,105421505,105421506,rs61870178,107,1,0.274,2,3,7.55E-12,0.0856,0.0125,A,G,chr10,1.05E+08,1.06E+08,16
chr10,105340059,105340060,rs7068070,22,1,0.05,1,2,1.62E-37,0.1108,0.0087,A,G,chr10,1.05E+08,1.06E+08,16
chr10,105480535,105480536,rs72815789,26,1,0.168,2,3,4.48E-10,0.0478,0.0077,A,G,chr10,1.05E+08,1.06E+08,16
chr10,105127191,105127192,rs72847518,8,1,0.05,1,2,4.55E-06,-0.0827,0.018,A,C,chr10,1.05E+08,1.06E+08,16
chr10,105595797,105595798,rs73340551,13,1,0.101,2,3,6.92E-14,0.0626,0.0084,T,C,chr10,1.05E+08,1.06E+08,16
chr10,105423561,105423562,rs77705594,18,1,0.086,1,2,5.62E-12,0.0889,0.0129,A,C,chr10,1.05E+08,1.06E+08,16
chr10,105395453,105395454,rs7900994,13,1,0.052,1,2,1.59E-16,-0.1068,0.0129,T,C,chr10,1.05E+08,1.06E+08,16
chr10,105518544,105518545,rs7906955,11,1,0.131,2,3,1.37E-31,0.1321,0.0113,A,G,chr10,1.05E+08,1.06E+08,16
chr10,105397741,105397742,rs7910092,43,1,0.07,1,2,1.62E-18,-0.0639,0.0073,T,C,chr10,1.05E+08,1.06E+08,16
chr10,105519375,105519376,rs9663414,17,1,0.142,2,3,2.24E-10,0.046,0.0073,A,G,chr10,1.05E+08,1.06E+08,16
chr11,20009209,20009210,rs10766613,56,1,0.052,1,2,1.69E-16,0.0677,0.0082,T,C,chr11,19981627,20019137,17
chr11,20009262,20009263,rs10766614,36,1,0.043,1,2,1.70E-16,0.0677,0.0082,A,G,chr11,19981627,20019137,17
chr11,20010141,20010142,rs1442713,13,1,0.04,1,2,1.93E-16,0.0676,0.0082,A,G,chr11,19981627,20019137,17
chr11,20009445,20009446,rs17614100,21,1,0.045,1,2,1.81E-09,-0.0708,0.0118,A,G,chr11,19981627,20019137,17
chr11,20010513,20010514,rs1822273,16,1,0,1,2,8.99E-17,-0.0683,0.0082,A,G,chr11,19981627,20019137,17
chr11,19993934,19993935,rs2252099,25,1,0.059,1,2,3.34E-10,-0.058,0.0092,C,G,chr11,19981627,20019137,17
chr11,20010351,20010352,rs2625322,112,1,0.081,1,2,1.00E-16,0.0686,0.0083,A,G,chr11,19981627,20019137,17
chr11,20010291,20010292,rs4757877,116,1,0.081,1,2,1.20E-16,0.0681,0.0082,A,G,chr11,19981627,20019137,17
chr11,20016559,20016560,rs7111951,26,1,0.061,1,2,3.96E-07,0.0521,0.0103,A,G,chr11,19981627,20019137,17
chr11,121613013,121613014,rs1893840,64,1,0.15,2,3,1.27E-05,-0.0815,0.0187,T,C,chr11,1.22E+08,1.22E+08,18
chr11,121593385,121593386,rs1893841,50,1,0.317,2,3,2.37E-09,-0.0483,0.0081,A,C,chr11,1.22E+08,1.22E+08,18
chr11,128785307,128785308,rs111927325,17,1,0.091,1,2,1.49E-09,0.1454,0.024,A,G,chr11,1.29E+08,1.29E+08,19
chr11,128764922,128764923,rs11221500,27,1,0.128,2,3,4.53E-07,0.0402,0.008,A,G,chr11,1.29E+08,1.29E+08,19
chr11,128785123,128785124,rs1940455,43,1,0.081,1,2,4.71E-11,0.0514,0.0078,A,G,chr11,1.29E+08,1.29E+08,19
chr11,128772955,128772956,rs2604212,26,1,0.041,1,2,2.29E-07,-0.0389,0.0075,C,G,chr11,1.29E+08,1.29E+08,19
chr11,128764571,128764572,rs75190942,12,1,0.152,2,3,3.48E-20,0.1256,0.0136,A,C,chr11,1.29E+08,1.29E+08,19
chr11,128764570,128764571,rs76097649,12,1,0.152,2,3,2.19E-20,0.1264,0.0137,A,G,chr11,1.29E+08,1.29E+08,19
chr11,128771636,128771637,rs79963032,16,1,0.053,1,2,8.02E-09,0.1462,0.0254,A,C,chr11,1.29E+08,1.29E+08,19
chr12,24714924,24714925,rs117898821,29,1,0.201,2,3,1.58E-05,0.1155,0.0267,A,C,chr12,24668999,24873178,20
chr12,24715048,24715049,rs2291437,71,1,0.341,2,3,7.53E-14,-0.0786,0.0105,T,G,chr12,24668999,24873178,20
chr12,24715061,24715062,rs2291438,66,1,0.341,2,3,1.85E-06,0.0464,0.0097,T,C,chr12,24668999,24873178,20
chr12,26348304,26348305,rs58747679,24,1,0.126,2,3,3.80E-09,0.046,0.0078,T,C,chr12,26293489,26348429,21
chr12,26306484,26306485,rs78518764,164,1,0,2,3,2.20E-06,-0.0538,0.0114,T,C,chr12,26293489,26348429,21
chr12,32992139,32992140,rs16920304,5,1,0.07,1,2,1.56E-14,0.0776,0.0101,T,C,chr12,32941446,33027458,22
chr12,32992441,32992442,rs16920307,10,1,0.107,2,3,1.07E-13,-0.075,0.0101,C,G,chr12,32941446,33027458,22
chr12,32980161,32980162,rs2045172,81,1,0.135,2,3,6.36E-16,0.0823,0.0102,T,G,chr12,32941446,33027458,22
chr12,32981288,32981289,rs34321778,13,1,0.14,2,3,3.35E-08,-0.0851,0.0154,A,G,chr12,32941446,33027458,22
chr12,57030686,57030687,rs1107479,306,1,0.574,2,3,2.54E-09,0.0443,0.0074,T,C,chr12,56983425,57171516,23
chr12,57030026,57030027,rs2255074,66,1,0.146,2,3,6.02E-09,-0.0431,0.0074,T,C,chr12,56983425,57171516,23
chr12,57081517,57081518,rs2958153,33,1,0.501,2,3,3.63E-11,0.0527,0.008,A,G,chr12,56983425,57171516,23
chr12,57119236,57119237,rs3214051,303,1,1.179,3,4,2.88E-10,-0.0462,0.0073,A,G,chr12,56983425,57171516,23
chr12,57023284,57023285,rs941207,26,1,0,2,3,2.07E-10,-0.0511,0.008,C,G,chr12,56983425,57171516,23
chr12,69979077,69979078,rs11177731,60,1,0,2,3,4.42E-10,-0.0556,0.0089,T,C,chr12,69855402,70098621,24
chr12,69864170,69864171,rs221070,121,1,0.714,3,4,3.96E-06,0.0381,0.0083,A,G,chr12,69855402,70098621,24
chr12,70051908,70051909,rs4761254,22,1,0.04,1,2,2.74E-08,0.0413,0.0074,A,T,chr12,69855402,70098621,24
chr12,70082903,70082904,rs775419,51,1,0.052,1,2,1.85E-10,-0.0465,0.0073,A,T,chr12,69855402,70098621,24
chr12,70059036,70059037,rs775506,156,1,0.039,1,2,1.77E-08,-0.0415,0.0074,A,G,chr12,69855402,70098621,24
chr12,114851151,114851152,rs1248054,5,1,0.051,1,2,3.46E-07,-0.0521,0.0102,A,G,chr12,1.14E+08,1.15E+08,26
chr12,114840075,114840076,rs150524061,9,1,0.053,1,2,1.41E-06,0.1731,0.0359,A,C,chr12,1.14E+08,1.15E+08,26
chr12,114851066,114851067,rs2295233,9,1,0.057,1,2,8.54E-05,0.0546,0.0139,T,C,chr12,1.14E+08,1.15E+08,26
chr12,114833920,114833921,rs56267344,32,1,0.086,1,2,3.76E-05,-0.0463,0.0112,A,G,chr12,1.14E+08,1.15E+08,26
chr12,114847136,114847137,rs7957609,14,1,0.084,2,3,3.51E-05,0.0449,0.0108,A,G,chr12,1.14E+08,1.15E+08,26
chr12,114845077,114845078,rs79733928,11,1,0.066,1,2,3.29E-07,-0.1809,0.0354,T,G,chr12,1.14E+08,1.15E+08,26
chr12,124431049,124431050,rs11835839,10,1,0.05,1,2,7.68E-09,-0.044,0.0076,A,G,chr12,1.24E+08,1.24E+08,28
chr12,124458002,124458003,rs12823740,23,1,0.164,2,3,1.36E-08,-0.0436,0.0077,A,C,chr12,1.24E+08,1.24E+08,28
chr12,124431519,124431520,rs34180676,24,1,0.05,1,2,6.27E-09,-0.045,0.0078,T,C,chr12,1.24E+08,1.24E+08,28
chr12,124468572,124468573,rs7978610,25,1,0.057,1,2,8.59E-09,-0.0439,0.0076,C,G,chr12,1.24E+08,1.24E+08,28
chr14,23881920,23881921,rs12147570,21,1,0.197,2,3,1.09E-12,0.0717,0.0101,T,G,chr14,23847194,23920281,30
chr14,23888040,23888041,rs12894524,17,1,0.096,1,2,5.06E-07,0.0384,0.0076,T,G,chr14,23847194,23920281,30
chr14,23851874,23851875,rs178636,138,1,0.075,1,2,2.42E-08,-0.0409,0.0073,A,G,chr14,23847194,23920281,30
chr14,23854324,23854325,rs178638,33,1,0.052,1,2,1.69E-08,-0.0413,0.0073,A,G,chr14,23847194,23920281,30
chr14,23874523,23874524,rs2277474,55,1,0.2,2,3,1.36E-10,0.0539,0.0084,T,C,chr14,23847194,23920281,30
chr14,23888665,23888666,rs2277475,20,1,0.149,2,3,5.17E-07,-0.0384,0.0077,A,T,chr14,23847194,23920281,30
chr14,23882144,23882145,rs2284651,30,1,0.103,2,3,2.90E-08,-0.0416,0.0075,T,C,chr14,23847194,23920281,30
chr14,23882855,23882856,rs2331979,18,1,0,2,3,5.82E-07,-0.0381,0.0076,A,G,chr14,23847194,23920281,30
chr14,23888183,23888184,rs28631169,24,1,0.096,1,2,3.80E-14,0.07,0.0093,T,C,chr14,23847194,23920281,30
chr14,23861811,23861812,rs365990,56,1,0.057,1,2,2.54E-13,-0.0547,0.0075,A,G,chr14,23847194,23920281,30
chr14,23886264,23886265,rs3729825,20,1,0.12,2,3,2.98E-12,0.0694,0.0099,T,C,chr14,23847194,23920281,30
chr14,23885997,23885998,rs3729828,25,1,0.12,2,3,3.31E-07,0.0391,0.0077,A,G,chr14,23847194,23920281,30
chr14,23885887,23885888,rs3729829,15,1,0.12,2,3,4.39E-07,0.0386,0.0076,A,G,chr14,23847194,23920281,30
chr14,23883184,23883185,rs3729833,20,1,0.303,2,3,1.24E-12,0.0704,0.0099,T,C,chr14,23847194,23920281,30
chr14,23869029,23869030,rs376439,117,1,0.355,2,3,2.02E-10,-0.0476,0.0075,A,G,chr14,23847194,23920281,30
chr14,23873092,23873093,rs388914,50,1,0.205,2,3,3.98E-10,0.0527,0.0084,A,G,chr14,23847194,23920281,30
chr14,23869028,23869029,rs403720,107,1,0,2,3,1.19E-09,0.0512,0.0084,T,C,chr14,23847194,23920281,30
chr14,23868776,23868777,rs403739,75,1,0.316,2,3,1.01E-07,-0.0408,0.0077,T,C,chr14,23847194,23920281,30
chr14,23866713,23866714,rs412768,105,1,0.131,2,3,2.56E-09,-0.0467,0.0078,A,G,chr14,23847194,23920281,30
chr14,23864804,23864805,rs422068,70,1,0.052,2,3,2.24E-12,-0.053,0.0076,T,C,chr14,23847194,23920281,30
chr14,23870752,23870753,rs432256,122,1,0.084,2,3,5.99E-10,0.0522,0.0084,A,G,chr14,23847194,23920281,30
chr14,23850902,23850903,rs433673,120,1,0.034,1,2,3.83E-08,-0.0646,0.0117,A,G,chr14,23847194,23920281,30
chr14,23868285,23868286,rs439735,128,1,0.159,2,3,7.39E-10,0.0519,0.0084,A,G,chr14,23847194,23920281,30
chr14,23874117,23874118,rs440466,55,1,0.119,2,3,1.87E-08,-0.043,0.0076,T,C,chr14,23847194,23920281,30
chr14,23863802,23863803,rs445754,77,1,0.137,2,3,2.61E-12,0.0606,0.0087,T,G,chr14,23847194,23920281,30
chr14,23858232,23858233,rs451794,120,1,0.085,1,2,1.84E-09,0.0711,0.0118,T,C,chr14,23847194,23920281,30
chr14,23865885,23865886,rs452036,105,1,0.137,2,3,6.36E-12,0.0519,0.0075,A,G,chr14,23847194,23920281,30
chr14,23851400,23851401,rs453361,164,1,0.094,1,2,1.89E-07,0.0585,0.0112,T,C,chr14,23847194,23920281,30
chr14,23885694,23885695,rs7140721,11,1,0.081,1,2,5.32E-07,0.0383,0.0076,A,G,chr14,23847194,23920281,30
chr14,23881083,23881084,rs7143356,15,1,0.128,2,3,1.11E-08,-0.0427,0.0075,T,C,chr14,23847194,23920281,30
chr14,23882589,23882590,rs7145023,9,1,0.106,2,3,9.52E-13,0.071,0.0099,T,C,chr14,23847194,23920281,30
chr14,23882560,23882561,rs7145543,18,1,0.145,2,3,4.96E-07,-0.0384,0.0076,A,G,chr14,23847194,23920281,30
chr14,23882186,23882187,rs7149517,19,1,0.103,2,3,4.92E-07,-0.0384,0.0076,T,G,chr14,23847194,23920281,30
chr14,23848311,23848312,rs723840,446,1,0.192,2,3,1.23E-09,0.0444,0.0073,T,C,chr14,23847194,23920281,30
chr14,23847194,23847195,rs74037001,301,1,0.075,1,2,5.93E-08,-0.059,0.0109,A,G,chr14,23847194,23920281,30
chr14,23849530,23849531,rs75246323,423,1,0.137,2,3,3.45E-08,0.0644,0.0117,T,C,chr14,23847194,23920281,30
chr14,23849981,23849982,rs76324036,233,1,0.121,2,3,3.07E-08,0.0648,0.0117,A,G,chr14,23847194,23920281,30
chr14,23883739,23883740,rs765020,53,1,0.132,2,3,1.91E-08,-0.0422,0.0075,A,G,chr14,23847194,23920281,30
chr14,23883599,23883600,rs765021,28,1,0.222,2,3,3.88E-07,0.0387,0.0076,A,G,chr14,23847194,23920281,30
chr14,23849483,23849484,rs77265383,339,1,0.137,2,3,3.11E-08,0.0648,0.0117,T,C,chr14,23847194,23920281,30
chr14,23857351,23857352,rs8022522,102,1,0.05,2,3,1.11E-08,0.0445,0.0078,A,G,chr14,23847194,23920281,30
chr14,23878279,23878280,rs9788443,47,1,0.755,3,4,7.29E-05,-0.0634,0.016,T,C,chr14,23847194,23920281,30
chr14,32926953,32926954,rs1957022,67,1,0.259,2,3,2.59E-13,-0.0653,0.0089,T,G,chr14,32898974,33000955,31
chr14,32926901,32926902,rs4329831,227,1,0.259,2,3,1.56E-10,0.0464,0.0072,A,G,chr14,32898974,33000955,31
chr14,35184323,35184324,rs10141892,20,1,0.277,2,3,2.78E-10,0.046,0.0073,T,C,chr14,35156561,35209375,32
chr14,35183213,35183214,rs11624278,67,1,0.364,2,3,5.14E-05,-0.0543,0.0134,T,C,chr14,35156561,35209375,32
chr14,35183888,35183889,rs117211470,307,1,1.489,3,4,2.37E-11,-0.0656,0.0098,C,G,chr14,35156561,35209375,32
chr14,35184228,35184229,rs17525727,22,1,0.277,3,4,1.42E-11,0.0667,0.0099,T,C,chr14,35156561,35209375,32
chr14,35184788,35184789,rs8005011,12,1,0.043,1,2,4.95E-05,-0.0297,0.0073,C,G,chr14,35156561,35209375,32
chr14,35184541,35184542,rs8005490,23,1,0.1,2,3,1.94E-10,0.0465,0.0073,T,C,chr14,35156561,35209375,32
chr14,35180033,35180034,rs9491,4,1,0.087,1,2,4.01E-12,0.0668,0.0096,A,C,chr14,35156561,35209375,32
chr14,64855041,64855042,rs1076991,251,1,0.219,2,3,5.34E-09,0.0425,0.0073,T,C,chr14,64612845,64878265,33
chr14,64681193,64681194,rs1152590,15,1,0.069,1,2,6.01E-22,-0.0709,0.0074,T,C,chr14,64612845,64878265,33
chr14,64676098,64676099,rs1152592,18,1,0.076,1,2,2.19E-22,0.0715,0.0073,A,G,chr14,64612845,64878265,33
chr14,64675895,64675896,rs1152593,33,1,0.074,1,2,9.08E-22,-0.0713,0.0074,T,C,chr14,64612845,64878265,33
chr14,64667337,64667338,rs1152601,12,1,0.117,2,3,7.23E-22,0.0703,0.0073,T,C,chr14,64612845,64878265,33
chr14,64667975,64667976,rs12435376,8,1,0.053,1,2,1.42E-16,0.0622,0.0075,T,C,chr14,64612845,64878265,33
chr14,64761917,64761918,rs1271572,5,1,0.069,1,2,1.53E-09,0.0487,0.0081,A,C,chr14,64612845,64878265,33
chr14,64686543,64686544,rs17179404,16,1,0.071,1,2,1.79E-14,0.0617,0.008,A,T,chr14,64612845,64878265,33
chr14,64663083,64663084,rs2781379,10,1,0.05,1,2,6.22E-17,0.0626,0.0075,T,C,chr14,64612845,64878265,33
chr14,64855425,64855426,rs35020344,22,1,0,2,3,7.11E-13,-0.0519,0.0072,A,G,chr14,64612845,64878265,33
chr14,64665060,64665061,rs7148637,13,1,0.047,1,2,8.26E-14,-0.0576,0.0077,A,C,chr14,64612845,64878265,33
chr14,64667439,64667440,rs79398136,11,1,0.09,1,2,7.72E-07,-0.0459,0.0093,T,C,chr14,64612845,64878265,33
chr14,64682646,64682647,rs79988539,19,1,0.067,1,2,9.06E-07,0.0753,0.0153,A,G,chr14,64612845,64878265,33
chr14,77426525,77426526,rs10873298,23,1,0.058,1,2,1.02E-10,-0.0482,0.0075,T,C,chr14,77421660,77430681,34
chr14,77426711,77426712,rs10873299,25,1,0.058,1,2,9.62E-11,0.0483,0.0075,A,G,chr14,77421660,77430681,34
chr14,77426077,77426078,rs12889775,27,1,0.076,1,2,2.29E-10,-0.0473,0.0075,T,G,chr14,77421660,77430681,34
chr14,77422803,77422804,rs6574341,115,1,0.445,2,3,6.12E-08,-0.0419,0.0077,T,C,chr14,77421660,77430681,34
chr14,77424276,77424277,rs6574343,23,1,0.071,1,2,2.11E-06,0.0496,0.0105,T,C,chr14,77421660,77430681,34
chr14,77422815,77422816,rs75851851,129,1,0.445,2,3,1.08E-05,0.0459,0.0104,T,C,chr14,77421660,77430681,34
chr14,77427469,77427470,rs8181996,27,1,0.053,1,2,1.00E-10,-0.0485,0.0075,C,G,chr14,77421660,77430681,34
chr15,63887644,63887645,rs62012782,18,1,0.06,1,2,2.46E-07,0.0516,0.01,T,C,chr15,63800013,63888113,35
chr15,70457720,70457721,rs745636,23,1,0.05,1,2,1.17E-07,-0.045,0.0085,A,G,chr15,70454139,70458576,36
chr15,73666730,73666731,rs59322618,14,1,0.1,2,3,3.07E-13,0.0967,0.0133,T,C,chr15,73381846,73691202,37
chr15,73682691,73682692,rs6495062,13,1,0.063,1,2,1.61E-18,-0.0749,0.0085,T,C,chr15,73381846,73691202,37
chr15,73682708,73682709,rs6495063,8,1,0.063,1,2,1.46E-18,0.0752,0.0086,T,G,chr15,73381846,73691202,37
chr15,73667255,73667256,rs7172038,112,1,0.372,2,3,1.34E-27,-0.1046,0.0096,T,G,chr15,73381846,73691202,37
chr15,73680301,73680302,rs7174643,21,1,0.063,1,2,2.81E-19,-0.0762,0.0085,A,C,chr15,73381846,73691202,37
chr15,73668046,73668047,rs7178084,19,1,0.287,2,3,3.09E-26,-0.0909,0.0086,T,C,chr15,73381846,73691202,37
chr15,73676535,73676536,rs74743553,8,1,0.034,1,2,1.37E-14,-0.0977,0.0127,A,G,chr15,73381846,73691202,37
chr15,73680843,73680844,rs75372618,58,1,0.142,2,3,4.08E-14,-0.0967,0.0128,A,G,chr15,73381846,73691202,37
chr15,73676517,73676518,rs75952618,7,1,0.034,1,2,3.17E-14,0.0972,0.0128,A,G,chr15,73381846,73691202,37
chr15,73668728,73668729,rs76495120,22,1,0.073,1,2,7.03E-13,0.097,0.0135,T,C,chr15,73381846,73691202,37
chr15,73634582,73634583,rs77688257,19,1,0.068,1,2,1.57E-14,0.1075,0.014,A,G,chr15,73381846,73691202,37
chr15,99275008,99275009,rs11633294,23,1,0.069,1,2,1.61E-08,0.0433,0.0077,A,C,chr15,99249029,99297665,39
chr15,99273032,99273033,rs11633717,84,1,0.283,2,3,5.78E-09,-0.0444,0.0076,T,C,chr15,99249029,99297665,39
chr15,99259016,99259017,rs11634241,28,1,0.123,2,3,3.66E-07,0.0376,0.0074,A,G,chr15,99249029,99297665,39
chr15,99258710,99258711,rs2018860,18,1,0.283,2,3,2.21E-08,0.0403,0.0072,A,T,chr15,99249029,99297665,39
chr15,99270441,99270442,rs55686521,5,1,0.109,2,3,6.48E-09,-0.0444,0.0077,T,C,chr15,99249029,99297665,39
chr15,99271685,99271686,rs62024488,21,1,0.253,2,3,4.29E-09,-0.0448,0.0076,A,G,chr15,99249029,99297665,39
chr15,99271135,99271136,rs6598541,58,1,0.752,3,4,3.60E-10,0.0461,0.0073,A,G,chr15,99249029,99297665,39
chr15,99273075,99273076,rs7166287,77,1,0.283,2,3,3.62E-10,-0.0459,0.0073,T,C,chr15,99249029,99297665,39
chr15,99251356,99251357,rs7174918,9,1,0.093,1,2,3.08E-07,0.0396,0.0077,T,C,chr15,99249029,99297665,39
chr15,99272519,99272520,rs875686,6,1,0.109,2,3,4.84E-09,0.0448,0.0077,A,T,chr15,99249029,99297665,39
chr15,99272663,99272664,rs907799,4,1,0.174,2,3,4.93E-09,-0.0447,0.0077,A,G,chr15,99249029,99297665,39
chr16,2008533,2008534,rs11642940,18,1,0.064,1,2,4.18E-09,0.0436,0.0074,T,C,chr16,2003016,2140972,40
chr16,2014130,2014131,rs11643780,20,1,0.108,2,3,1.92E-07,0.0647,0.0124,A,C,chr16,2003016,2140972,40
chr16,2003016,2003017,rs140185678,15,1,0.053,1,2,5.57E-14,0.1813,0.0241,A,G,chr16,2003016,2140972,40
chr16,2014283,2014284,rs2286466,19,1,0.207,2,3,3.53E-14,-0.0718,0.0095,A,G,chr16,2003016,2140972,40
chr16,2014954,2014955,rs2302176,316,1,1.17,3,4,7.36E-09,0.0423,0.0073,T,C,chr16,2003016,2140972,40
chr16,2014979,2014980,rs2302177,199,1,1.17,3,4,8.93E-09,0.0423,0.0073,T,G,chr16,2003016,2140972,40
chr16,2004718,2004719,rs2815301,114,1,0.136,2,3,8.91E-14,-0.0689,0.0092,T,C,chr16,2003016,2140972,40
chr16,2010138,2010139,rs397435,24,1,0.092,1,2,7.75E-14,0.0698,0.0093,A,G,chr16,2003016,2140972,40
chr16,2010181,2010182,rs397460,11,1,0.092,1,2,1.21E-11,0.0626,0.0092,C,G,chr16,2003016,2140972,40
chr16,2014424,2014425,rs403609,45,1,0.207,2,3,2.31E-08,-0.0411,0.0074,C,G,chr16,2003016,2140972,40
chr16,2010857,2010858,rs4786902,24,1,0.08,1,2,6.04E-08,-0.0395,0.0073,A,T,chr16,2003016,2140972,40
chr16,2014031,2014032,rs6366,7,1,0.108,2,3,6.49E-14,-0.071,0.0095,C,G,chr16,2003016,2140972,40
chr16,2011126,2011127,rs758335,14,1,0.051,1,2,4.92E-13,-0.0684,0.0095,A,G,chr16,2003016,2140972,40
chr16,72698612,72698613,rs1429434,21,1,0.071,2,3,4.67E-06,-0.1253,0.0274,A,T,chr16,72452608,73102243,41
chr16,73059729,73059730,rs1548374,5,1,0.053,1,2,2.94E-26,-0.077,0.0073,A,G,chr16,72452608,73102243,41
chr16,73019560,73019561,rs1858801,42,1,0.055,1,2,1.28E-13,-0.0525,0.0071,T,C,chr16,72452608,73102243,41
chr16,72831652,72831653,rs2229290,25,1,0.124,2,3,2.21E-06,-0.1355,0.0286,A,G,chr16,72452608,73102243,41
chr16,73053022,73053023,rs2359171,22,1,0.048,1,2,2.94E-100,0.1884,0.0089,A,T,chr16,72452608,73102243,41
chr16,73059159,73059160,rs4499262,32,1,0.095,1,2,2.14E-98,0.1893,0.009,A,C,chr16,72452608,73102243,41
chr16,73026439,73026440,rs58563212,19,1,0.107,2,3,3.34E-30,0.1017,0.0089,T,G,chr16,72452608,73102243,41
chr16,73081604,73081605,rs60602157,30,1,0.158,2,3,3.03E-25,0.085,0.0082,T,C,chr16,72452608,73102243,41
chr16,73089579,73089580,rs72626185,29,1,0.055,1,2,1.18E-21,0.1099,0.0115,C,G,chr16,72452608,73102243,41
chr16,73059747,73059748,rs74030210,6,1,0.053,1,2,7.70E-07,0.1163,0.0235,A,G,chr16,72452608,73102243,41
chr16,73089716,73089717,rs78053786,16,1,0.055,1,2,2.44E-13,0.1085,0.0148,A,G,chr16,72452608,73102243,41
chr16,73071588,73071589,rs9302644,45,1,0.153,2,3,4.05E-65,0.1517,0.0089,C,G,chr16,72452608,73102243,41
chr17,7386428,7386429,rs11078680,30,1,0.138,2,3,2.34E-08,-0.0403,0.0072,A,G,chr17,7213694,7525001,42
chr17,7383082,7383083,rs111259369,46,1,0.148,2,3,5.68E-05,0.0357,0.0089,T,C,chr17,7213694,7525001,42
chr17,7381754,7381755,rs2241234,33,1,0.331,2,3,2.83E-05,0.04,0.0095,T,C,chr17,7213694,7525001,42
chr17,7359277,7359278,rs2302763,36,1,0.066,1,2,3.70E-05,-0.0397,0.0096,T,C,chr17,7213694,7525001,42
chr17,7370605,7370606,rs3853894,16,1,0.05,1,2,1.75E-05,0.0413,0.0096,A,G,chr17,7213694,7525001,42
chr17,7380681,7380682,rs3867594,12,1,0.112,2,3,1.29E-05,0.0423,0.0097,T,C,chr17,7213694,7525001,42
chr17,7344497,7344498,rs4151125,26,1,0.075,1,2,2.72E-05,0.0407,0.0097,T,C,chr17,7213694,7525001,42
chr17,7387352,7387353,rs4384652,73,1,0.624,3,4,5.53E-05,0.0482,0.0119,T,G,chr17,7213694,7525001,42
chr17,7379617,7379618,rs4796420,35,1,0.05,1,2,8.68E-05,0.0347,0.0089,A,T,chr17,7213694,7525001,42
chr17,7379650,7379651,rs4796421,61,1,0.05,1,2,8.60E-05,0.0348,0.0089,A,G,chr17,7213694,7525001,42
chr17,7380004,7380005,rs4796422,24,1,0.09,1,2,8.61E-05,-0.0347,0.0088,T,C,chr17,7213694,7525001,42
chr17,7387973,7387974,rs4796424,173,1,1.17,3,4,7.32E-05,-0.0351,0.0089,T,C,chr17,7213694,7525001,42
chr17,7477477,7477478,rs4968214,24,1,0.106,2,3,2.75E-05,-0.0323,0.0077,A,G,chr17,7213694,7525001,42
chr17,7383238,7383239,rs55894190,34,1,0.386,2,3,1.66E-08,-0.0407,0.0072,T,C,chr17,7213694,7525001,42
chr17,7383136,7383137,rs59665520,31,1,0.304,2,3,9.14E-05,0.0346,0.0088,A,C,chr17,7213694,7525001,42
chr17,7380188,7380189,rs66616380,17,1,0.063,1,2,9.38E-05,0.0346,0.0089,A,C,chr17,7213694,7525001,42
chr17,7382762,7382763,rs71369605,31,1,0.192,2,3,2.83E-05,0.04,0.0095,A,C,chr17,7213694,7525001,42
chr17,7380305,7380306,rs7210292,12,1,0.08,1,2,9.27E-05,0.0346,0.0089,T,G,chr17,7213694,7525001,42
chr17,7221707,7221708,rs7216490,7,1,0.051,1,2,3.83E-06,-0.0334,0.0072,T,G,chr17,7213694,7525001,42
chr17,7386811,7386812,rs7216801,130,1,0.337,2,3,7.17E-05,-0.0351,0.0089,A,T,chr17,7213694,7525001,42
chr17,7452542,7452543,rs77711855,20,1,0.107,2,3,1.35E-05,0.0498,0.0114,T,C,chr17,7213694,7525001,42
chr17,7461343,7461344,rs78744936,12,1,0.104,2,3,1.15E-08,-0.0491,0.0086,A,G,chr17,7213694,7525001,42
chr17,7452752,7452753,rs80067372,26,1,0.136,2,3,3.89E-08,-0.0466,0.0085,A,G,chr17,7213694,7525001,42
chr17,7388728,7388729,rs8082166,15,1,0.054,1,2,7.70E-05,0.035,0.0089,C,G,chr17,7213694,7525001,42
chr17,7385204,7385205,rs9891297,21,1,0.064,1,2,8.23E-05,-0.0348,0.0089,T,C,chr17,7213694,7525001,42
chr17,7452977,7452978,rs9899183,12,1,0.136,2,3,2.44E-09,0.0505,0.0085,T,C,chr17,7213694,7525001,42
chr17,7359757,7359758,rs9901900,24,1,0.068,1,2,3.55E-05,0.0398,0.0096,A,G,chr17,7213694,7525001,42
chr17,7388558,7388559,rs9908763,33,1,0.132,2,3,2.14E-05,0.0419,0.0099,T,C,chr17,7213694,7525001,42
chr17,7388557,7388558,rs9909568,33,1,0,2,3,1.11E-05,-0.0433,0.0099,A,T,chr17,7213694,7525001,42
chr17,44269964,44269965,rs11079733,32,1,0.232,2,3,1.46E-05,0.0414,0.0095,A,T,chr17,44019712,45055107,44
chr17,44193097,44193098,rs17661027,14,1,0.053,1,2,2.88E-05,0.0395,0.0095,A,C,chr17,44019712,45055107,44
chr17,44270059,44270060,rs2696633,29,1,0.232,2,3,1.37E-05,-0.0415,0.0095,A,T,chr17,44019712,45055107,44
chr17,44271152,44271153,rs546821167,84,1,0.224,2,3,1.55E-05,0.0412,0.0095,A,G,chr17,44019712,45055107,44
chr17,44269546,44269547,rs547806751,4,1,0.098,1,2,1.24E-05,0.0417,0.0095,T,C,chr17,44019712,45055107,44
chr17,44302881,44302882,rs555719522,57,1,0.096,1,2,1.33E-05,0.0418,0.0096,T,C,chr17,44019712,45055107,44
chr17,44269922,44269923,rs62060947,24,1,0.232,2,3,2.22E-05,-0.0441,0.0104,T,C,chr17,44019712,45055107,44
chr18,46482070,46482071,rs2337143,15,1,0.105,2,3,2.51E-09,-0.0454,0.0076,A,G,chr18,46474192,46515916,46
chr18,46501826,46501827,rs9676236,30,1,0.127,2,3,5.14E-05,-0.0301,0.0074,T,C,chr18,46474192,46515916,46
chr18,46474192,46474193,rs9953366,34,1,0.06,1,2,9.03E-11,-0.0504,0.0078,T,C,chr18,46474192,46515916,46
chr2,61698972,61698973,rs1880866,18,1,0.217,2,3,4.15E-10,0.0457,0.0073,C,G,chr2,61331578,61851845,48
chr2,61405795,61405796,rs2600665,10,1,0.056,1,2,3.58E-09,0.0433,0.0073,T,G,chr2,61331578,61851845,48
chr2,61765074,61765075,rs3087898,33,1,0.192,2,3,1.65E-05,0.0311,0.0072,A,G,chr2,61331578,61851845,48
chr2,61764140,61764141,rs3771258,15,1,0.277,2,3,2.29E-10,0.0464,0.0073,T,C,chr2,61331578,61851845,48
chr2,61405723,61405724,rs3856521,9,1,0.069,1,2,7.34E-05,0.0371,0.0094,A,G,chr2,61331578,61851845,48
chr2,61405865,61405866,rs3856522,21,1,0.045,1,2,5.91E-05,-0.0382,0.0095,C,G,chr2,61331578,61851845,48
chr2,61405008,61405009,rs746032,51,1,0.192,2,3,4.83E-05,0.0386,0.0095,T,C,chr2,61331578,61851845,48
chr2,61763165,61763166,rs9309336,8,1,0.056,1,2,1.65E-10,-0.0467,0.0073,T,C,chr2,61331578,61851845,48
chr2,65356552,65356553,rs12713532,13,1,0.13,2,3,2.53E-14,0.0586,0.0077,C,G,chr2,65235333,65408369,49
chr2,65303325,65303326,rs13012648,29,1,0.046,1,2,3.07E-05,0.1124,0.027,T,C,chr2,65235333,65408369,49
chr2,65283174,65283175,rs2302647,40,1,0.219,2,3,2.29E-15,-0.0646,0.0081,A,G,chr2,65235333,65408369,49
chr2,65297686,65297687,rs2723086,25,1,0.045,1,2,4.22E-16,-0.061,0.0075,T,C,chr2,65235333,65408369,49
chr2,65356904,65356905,rs35925158,51,1,0.164,2,3,1.58E-06,0.1215,0.0253,T,C,chr2,65235333,65408369,49
chr2,65356681,65356682,rs61758848,28,1,0.186,2,3,2.16E-05,-0.1196,0.0282,C,G,chr2,65235333,65408369,49
chr2,70369154,70369155,rs11692018,21,1,0.46,2,3,6.35E-07,0.0386,0.0078,A,C,chr2,69787268,70406916,50
chr2,70359471,70359472,rs12617812,30,1,0.099,1,2,1.40E-06,0.0373,0.0077,A,G,chr2,69787268,70406916,50
chr2,70369503,70369504,rs12713688,58,1,0.565,3,4,5.05E-06,-0.0381,0.0083,C,G,chr2,69787268,70406916,50
chr2,70368598,70368599,rs12989257,58,1,0.769,3,4,1.28E-05,0.0362,0.0083,T,C,chr2,69787268,70406916,50
chr2,70368391,70368392,rs13012197,46,1,0.198,2,3,3.07E-07,0.0395,0.0077,A,G,chr2,69787268,70406916,50
chr2,70056116,70056117,rs2278932,7,1,0.16,2,3,3.15E-18,0.0771,0.0089,A,G,chr2,69787268,70406916,50
chr2,70056365,70056366,rs2278933,40,1,0.406,3,4,4.23E-18,0.0768,0.0089,A,C,chr2,69787268,70406916,50
chr2,70057448,70057449,rs3732266,21,1,0.151,2,3,5.02E-16,0.0582,0.0072,T,G,chr2,69787268,70406916,50
chr2,70312306,70312307,rs62151166,17,1,0.164,2,3,8.09E-09,0.0558,0.0097,T,C,chr2,69787268,70406916,50
chr2,70368923,70368924,rs6708331,17,1,0.568,2,3,1.59E-05,-0.036,0.0083,A,G,chr2,69787268,70406916,50
chr2,70352640,70352641,rs6743372,11,1,0.143,2,3,1.47E-06,-0.0374,0.0078,T,G,chr2,69787268,70406916,50
chr2,69969918,69969919,rs7424572,10,1,0.058,1,2,2.62E-12,-0.0502,0.0072,A,C,chr2,69787268,70406916,50
chr2,69787268,69787269,rs75466549,10,1,0.058,1,2,1.14E-08,0.0657,0.0115,C,G,chr2,69787268,70406916,50
chr2,70368099,70368100,rs7585413,32,1,0.198,2,3,3.37E-07,0.0393,0.0077,A,G,chr2,69787268,70406916,50
chr2,86668822,86668823,rs111226991,16,1,0.192,2,3,2.49E-07,-0.0537,0.0104,A,C,chr2,86446849,86845509,51
chr2,86790716,86790717,rs17027296,49,1,0.317,3,4,4.53E-08,-0.0558,0.0102,A,C,chr2,86446849,86845509,51
chr2,86511369,86511370,rs2367231,21,1,0.154,2,3,5.83E-06,-0.058,0.0128,A,C,chr2,86446849,86845509,51
chr2,86525736,86525737,rs6547672,30,1,0.057,1,2,2.96E-05,0.0529,0.0127,T,C,chr2,86446849,86845509,51
chr2,86776683,86776684,rs6710780,18,1,0.05,1,2,1.35E-07,-0.0533,0.0101,T,G,chr2,86446849,86845509,51
chr2,86452673,86452674,rs6754021,18,1,0.095,2,3,5.87E-06,0.0587,0.013,T,C,chr2,86446849,86845509,51
chr2,86451144,86451145,rs7419344,25,1,0.088,2,3,7.56E-07,0.0645,0.013,A,G,chr2,86446849,86845509,51
chr2,86823744,86823745,rs76085553,7,1,0.058,1,2,1.31E-06,0.0496,0.0102,A,G,chr2,86446849,86845509,51
chr2,148601660,148601661,rs12053113,32,1,0.871,3,4,1.43E-07,-0.0396,0.0075,T,C,chr2,1.49E+08,1.49E+08,52
chr2,148778272,148778273,rs897172,206,1,0.339,2,3,3.55E-07,-0.0381,0.0075,A,G,chr2,1.49E+08,1.49E+08,52
chr2,175547278,175547279,rs13002156,22,1,0.11,2,3,2.42E-07,0.0516,0.01,A,G,chr2,1.75E+08,1.76E+08,53
chr2,175547764,175547765,rs74173160,21,1,0.146,2,3,1.86E-06,0.0456,0.0096,A,G,chr2,1.75E+08,1.76E+08,53
chr2,179631851,179631852,rs12470905,17,1,0.058,1,2,1.86E-06,0.0735,0.0154,A,C,chr2,1.79E+08,1.80E+08,54
chr2,179488194,179488195,rs12693162,17,1,0.058,1,2,4.94E-15,0.0658,0.0084,T,C,chr2,1.79E+08,1.80E+08,54
chr2,179533609,179533610,rs12998857,9,1,0.058,1,2,2.00E-19,-0.0849,0.0094,A,C,chr2,1.79E+08,1.80E+08,54
chr2,179388657,179388658,rs13005601,41,1,0.066,1,2,8.06E-22,0.0916,0.0095,A,G,chr2,1.79E+08,1.80E+08,54
chr2,179583496,179583497,rs16866465,17,1,0.052,1,2,1.04E-13,-0.07,0.0094,T,G,chr2,1.79E+08,1.80E+08,54
chr2,179595117,179595118,rs17076,12,1,0.075,1,2,9.68E-14,-0.0662,0.0089,C,G,chr2,1.79E+08,1.80E+08,54
chr2,179604742,179604743,rs1883084,29,1,0.052,1,2,4.71E-06,0.071,0.0155,A,G,chr2,1.79E+08,1.80E+08,54
chr2,179672547,179672548,rs2046778,73,1,0.272,2,3,3.97E-07,0.0425,0.0084,T,C,chr2,1.79E+08,1.80E+08,54
chr2,179458591,179458592,rs2288569,14,1,0.034,1,2,6.64E-22,0.0918,0.0095,T,C,chr2,1.79E+08,1.80E+08,54
chr2,179634936,179634937,rs2306636,18,1,0.083,1,2,1.52E-06,0.0732,0.0152,T,C,chr2,1.79E+08,1.80E+08,54
chr2,179578730,179578731,rs2562839,25,1,0.058,1,2,7.05E-10,0.0524,0.0085,A,G,chr2,1.79E+08,1.80E+08,54
chr2,179601975,179601976,rs2627040,13,1,0.056,1,2,4.35E-05,-0.0596,0.0146,A,G,chr2,1.79E+08,1.80E+08,54
chr2,179601057,179601058,rs2627041,9,1,0.044,1,2,6.11E-06,-0.0677,0.015,A,G,chr2,1.79E+08,1.80E+08,54
chr2,179600648,179600649,rs2742347,18,1,0.062,1,2,4.47E-05,0.0595,0.0146,T,C,chr2,1.79E+08,1.80E+08,54
chr2,179605705,179605706,rs2742357,11,1,0.068,1,2,5.23E-06,-0.0707,0.0155,A,G,chr2,1.79E+08,1.80E+08,54
chr2,179650408,179650409,rs35813871,12,1,0.13,2,3,2.72E-06,-0.0414,0.0088,A,G,chr2,1.79E+08,1.80E+08,54
chr2,179430997,179430998,rs3731746,14,1,0.052,1,2,5.89E-23,0.0895,0.0091,A,G,chr2,1.79E+08,1.80E+08,54
chr2,179666246,179666247,rs3769860,16,1,0.13,2,3,1.39E-06,0.0815,0.0169,A,T,chr2,1.79E+08,1.80E+08,54
chr2,179397561,179397562,rs3829747,23,1,0.058,1,2,5.88E-23,0.0942,0.0096,T,C,chr2,1.79E+08,1.80E+08,54
chr2,179699384,179699385,rs62175451,13,1,0.045,1,2,8.06E-08,0.048,0.0089,A,G,chr2,1.79E+08,1.80E+08,54
chr2,179672863,179672864,rs62176572,19,1,0.13,2,3,5.45E-06,-0.0399,0.0088,C,G,chr2,1.79E+08,1.80E+08,54
chr2,179583398,179583399,rs62178978,11,1,0.049,1,2,8.64E-13,-0.0667,0.0093,T,C,chr2,1.79E+08,1.80E+08,54
chr2,179611711,179611712,rs66677602,32,1,0.063,1,2,6.43E-06,0.0693,0.0154,A,C,chr2,1.79E+08,1.80E+08,54
chr2,179650954,179650955,rs6715901,12,1,0.083,1,2,2.08E-07,0.038,0.0073,A,G,chr2,1.79E+08,1.80E+08,54
chr2,179672462,179672463,rs72647839,68,1,0.853,3,4,1.83E-06,-0.0819,0.0172,A,G,chr2,1.79E+08,1.80E+08,54
chr2,179633090,179633091,rs72647889,18,1,0.031,1,2,1.35E-05,-0.0671,0.0154,A,G,chr2,1.79E+08,1.80E+08,54
chr2,179612383,179612384,rs72648907,29,1,0.063,1,2,2.18E-07,-0.0876,0.0169,T,C,chr2,1.79E+08,1.80E+08,54
chr2,179575511,179575512,rs72648998,19,1,0.074,1,2,1.41E-08,0.0917,0.0162,T,C,chr2,1.79E+08,1.80E+08,54
chr2,179388490,179388491,rs7597154,23,1,0.059,1,2,7.28E-22,0.0917,0.0095,A,G,chr2,1.79E+08,1.80E+08,54
chr2,179666425,179666426,rs77690739,13,1,0.13,2,3,1.39E-06,0.0815,0.0169,A,G,chr2,1.79E+08,1.80E+08,54
chr2,179660954,179660955,rs77903023,11,1,0.091,1,2,1.97E-06,-0.0805,0.0169,A,T,chr2,1.79E+08,1.80E+08,54
chr2,179684957,179684958,rs79595351,31,1,0.073,1,2,2.87E-06,0.0802,0.0171,A,G,chr2,1.79E+08,1.80E+08,54
chr2,201171191,201171192,rs10931898,46,1,0.54,2,3,1.30E-19,-0.0659,0.0073,C,G,chr2,2.01E+08,2.01E+08,55
chr2,201171207,201171208,rs12614621,51,1,0.54,2,3,2.29E-18,0.0627,0.0072,C,G,chr2,2.01E+08,2.01E+08,55
chr2,201171355,201171356,rs12618057,121,1,0.424,2,3,3.35E-18,-0.0625,0.0072,T,C,chr2,2.01E+08,2.01E+08,55
chr2,200820505,200820506,rs281766,103,1,0.871,3,4,6.22E-08,0.0478,0.0088,T,G,chr2,2.01E+08,2.01E+08,55
chr2,200715388,200715389,rs2949006,21,1,0.102,2,3,4.11E-07,0.0452,0.0089,T,G,chr2,2.01E+08,2.01E+08,55
chr2,201195602,201195603,rs295114,49,1,0.052,1,2,1.76E-20,-0.0676,0.0073,T,C,chr2,2.01E+08,2.01E+08,55
chr2,201171014,201171015,rs3739121,15,1,0.11,2,3,2.19E-18,0.0627,0.0072,C,G,chr2,2.01E+08,2.01E+08,55
chr2,201172086,201172087,rs67190025,31,1,0.11,2,3,2.91E-18,0.0625,0.0072,T,C,chr2,2.01E+08,2.01E+08,55
chr2,201171651,201171652,rs74853338,25,1,0.136,2,3,9.39E-19,0.0637,0.0072,T,C,chr2,2.01E+08,2.01E+08,55
chr2,201172628,201172629,rs7580924,11,1,0.058,1,2,2.23E-18,0.0627,0.0072,C,G,chr2,2.01E+08,2.01E+08,55
chr20,61162701,61162702,rs11699886,33,1,0.062,1,2,2.21E-07,-0.046,0.0089,T,C,chr20,61143279,61178304,57
chr20,61145196,61145197,rs12479469,9,1,0.078,1,2,9.32E-07,0.0381,0.0078,A,G,chr20,61143279,61178304,57
chr20,61150928,61150929,rs12624794,22,1,0.168,2,3,9.38E-06,-0.0329,0.0074,A,G,chr20,61143279,61178304,57
chr20,61162100,61162101,rs13040413,12,1,0.051,1,2,3.57E-07,-0.0451,0.0089,A,G,chr20,61143279,61178304,57
chr20,61162037,61162038,rs13040566,15,1,0.051,1,2,3.15E-07,-0.0453,0.0089,A,G,chr20,61143279,61178304,57
chr20,61176385,61176386,rs13040569,16,1,0.052,1,2,8.94E-07,-0.0436,0.0089,A,G,chr20,61143279,61178304,57
chr20,61161954,61161955,rs13040737,21,1,0.051,1,2,2.33E-07,-0.0459,0.0089,A,G,chr20,61143279,61178304,57
chr20,61175158,61175159,rs28503365,21,1,0.038,1,2,1.45E-06,0.0426,0.0088,T,C,chr20,61143279,61178304,57
chr20,61175024,61175025,rs28720071,68,1,0.056,1,2,1.01E-06,-0.0434,0.0089,A,G,chr20,61143279,61178304,57
chr20,61163003,61163004,rs34948866,24,1,0.062,1,2,2.42E-07,0.0457,0.0089,A,T,chr20,61143279,61178304,57
chr20,61147256,61147257,rs35290528,79,1,0.513,3,4,3.11E-05,-0.0553,0.0133,T,C,chr20,61143279,61178304,57
chr20,61143487,61143488,rs3934574,14,1,0.043,1,2,8.95E-07,-0.0368,0.0075,T,C,chr20,61143279,61178304,57
chr20,61164022,61164023,rs4072474,21,1,0.062,1,2,3.83E-07,0.0446,0.0088,T,C,chr20,61143279,61178304,57
chr20,61148335,61148336,rs4508677,15,1,0.26,2,3,2.66E-05,-0.0331,0.0079,A,G,chr20,61143279,61178304,57
chr20,61162017,61162018,rs45547937,20,1,0.051,1,2,3.76E-07,-0.045,0.0088,A,G,chr20,61143279,61178304,57
chr20,61148451,61148452,rs4637207,20,1,0.26,2,3,4.76E-07,-0.0382,0.0076,A,G,chr20,61143279,61178304,57
chr20,61168877,61168878,rs56051682,50,1,0.075,2,3,4.83E-07,-0.0442,0.0088,T,G,chr20,61143279,61178304,57
chr20,61162723,61162724,rs6062248,22,1,0.062,1,2,2.01E-07,0.046,0.0088,C,G,chr20,61143279,61178304,57
chr20,61153365,61153366,rs6062267,8,1,0.18,2,3,1.15E-05,-0.0323,0.0074,T,C,chr20,61143279,61178304,57
chr20,61145597,61145598,rs6062277,12,1,0.112,2,3,7.64E-07,-0.0369,0.0075,A,G,chr20,61143279,61178304,57
chr20,61144941,61144942,rs6062278,8,1,0.053,1,2,2.45E-06,-0.0352,0.0075,A,G,chr20,61143279,61178304,57
chr20,61154594,61154595,rs6089741,22,1,0.149,2,3,2.09E-06,-0.0352,0.0074,A,G,chr20,61143279,61178304,57
chr20,61155609,61155610,rs6089750,32,1,0.229,2,3,2.60E-07,-0.039,0.0076,T,C,chr20,61143279,61178304,57
chr20,61154393,61154394,rs6089752,15,1,0.135,2,3,1.82E-06,0.0353,0.0074,T,C,chr20,61143279,61178304,57
chr20,61154107,61154108,rs6089753,16,1,0.071,2,3,5.01E-06,0.0339,0.0074,T,C,chr20,61143279,61178304,57
chr20,61161899,61161900,rs6122008,29,1,0.051,1,2,2.73E-07,-0.0455,0.0089,T,C,chr20,61143279,61178304,57
chr20,61161749,61161750,rs6122009,25,1,0.051,1,2,3.39E-07,-0.0454,0.0089,T,C,chr20,61143279,61178304,57
chr20,61156946,61156947,rs6122011,18,1,0.145,2,3,1.55E-07,-0.0397,0.0076,T,G,chr20,61143279,61178304,57
chr20,61174973,61174974,rs6122013,39,1,0.056,1,2,1.86E-06,-0.0421,0.0088,A,C,chr20,61143279,61178304,57
chr20,61168657,61168658,rs6122018,49,1,0.086,1,2,4.41E-07,0.0443,0.0088,A,G,chr20,61143279,61178304,57
chr20,61167013,61167014,rs6143038,30,1,0.054,1,2,3.65E-07,-0.0448,0.0088,T,C,chr20,61143279,61178304,57
chr20,61167001,61167002,rs6143043,28,1,0.054,1,2,3.57E-07,-0.0448,0.0088,A,G,chr20,61143279,61178304,57
chr20,61166909,61166910,rs6143044,24,1,0.054,1,2,1.23E-06,-0.046,0.0095,A,C,chr20,61143279,61178304,57
chr20,61164277,61164278,rs6143046,27,1,0.062,1,2,2.65E-07,-0.0454,0.0088,A,G,chr20,61143279,61178304,57
chr20,61159437,61159438,rs6143048,31,1,0.062,2,3,6.20E-05,-0.0331,0.0083,T,C,chr20,61143279,61178304,57
chr20,61175105,61175106,rs6143050,34,1,0.05,1,2,9.62E-07,-0.0434,0.0089,A,G,chr20,61143279,61178304,57
chr20,61173047,61173048,rs6143053,22,1,0.031,1,2,2.66E-06,-0.0414,0.0088,A,G,chr20,61143279,61178304,57
chr20,61169881,61169882,rs6143057,17,1,0.063,1,2,7.50E-07,-0.0434,0.0088,T,C,chr20,61143279,61178304,57
chr20,61169732,61169733,rs6143058,13,1,0.069,1,2,9.19E-07,0.0431,0.0088,A,G,chr20,61143279,61178304,57
chr20,61152322,61152323,rs8122282,31,1,0.134,2,3,1.42E-05,0.032,0.0074,A,G,chr20,61143279,61178304,57
chr22,18597404,18597405,rs361834,30,1,0.056,1,2,3.49E-10,-0.047,0.0075,A,G,chr22,18281729,18601415,59
chr22,18596449,18596450,rs362043,39,1,0.08,1,2,2.52E-07,-0.0418,0.0081,T,G,chr22,18281729,18601415,59
chr22,18291791,18291792,rs423710,18,1,0.064,1,2,7.24E-06,-0.0361,0.008,C,G,chr22,18281729,18601415,59
chr22,18293650,18293651,rs436590,20,1,0.095,2,3,1.46E-06,-0.0364,0.0076,A,G,chr22,18281729,18601415,59
chr22,18293967,18293968,rs448184,6,1,0.073,1,2,1.67E-06,-0.0362,0.0076,A,T,chr22,18281729,18601415,59
chr22,18597502,18597503,rs464901,42,1,0.063,1,2,3.77E-10,0.0488,0.0078,T,C,chr22,18281729,18601415,59
chr3,12704163,12704164,rs10460973,22,1,0.08,2,3,6.84E-10,-0.045,0.0073,T,C,chr3,12578104,12859004,60
chr3,12838293,12838294,rs12631514,14,1,0.394,2,3,7.54E-13,0.0515,0.0072,C,G,chr3,12578104,12859004,60
chr3,12736654,12736655,rs13069077,10,1,0.044,1,2,1.82E-06,0.0374,0.0078,A,T,chr3,12578104,12859004,60
chr3,12829156,12829157,rs1969154,21,1,0.057,1,2,2.70E-15,-0.0569,0.0072,A,G,chr3,12578104,12859004,60
chr3,12829315,12829316,rs1985428,11,1,0.05,1,2,1.20E-14,0.0556,0.0072,A,G,chr3,12578104,12859004,60
chr3,12598963,12598964,rs2255648,51,1,0.192,2,3,2.49E-07,-0.0375,0.0073,A,G,chr3,12578104,12859004,60
chr3,12598839,12598840,rs2255655,44,1,0.871,3,4,1.18E-06,-0.0353,0.0073,C,G,chr3,12578104,12859004,60
chr3,12602494,12602495,rs2450855,60,1,0.063,1,2,7.24E-06,0.0325,0.0073,A,G,chr3,12578104,12859004,60
chr3,12604448,12604449,rs2450857,4,1,0.065,1,2,1.30E-06,0.0354,0.0073,T,G,chr3,12578104,12859004,60
chr3,12632652,12632653,rs2596831,18,1,0.04,1,2,8.41E-07,0.0358,0.0073,C,G,chr3,12578104,12859004,60
chr3,12858028,12858029,rs3732675,13,1,0.039,1,2,2.87E-16,-0.0594,0.0073,T,C,chr3,12578104,12859004,60
chr3,12705855,12705856,rs3806661,120,1,1.865,3,4,6.28E-05,-0.0308,0.0077,A,G,chr3,12578104,12859004,60
chr3,12705208,12705209,rs3821611,35,1,0.337,2,3,2.70E-09,-0.0434,0.0073,A,G,chr3,12578104,12859004,60
chr3,12839617,12839618,rs4535210,20,1,0.056,1,2,1.09E-16,-0.0604,0.0073,T,G,chr3,12578104,12859004,60
chr3,12840057,12840058,rs55692304,33,1,0.097,2,3,3.17E-12,0.0499,0.0072,T,C,chr3,12578104,12859004,60
chr3,12801843,12801844,rs6766744,26,1,0.107,2,3,5.73E-10,0.0459,0.0074,T,C,chr3,12578104,12859004,60
chr3,12829095,12829096,rs6799179,28,1,0.057,1,2,2.67E-15,-0.0569,0.0072,A,C,chr3,12578104,12859004,60
chr3,12841804,12841805,rs7650482,17,1,0.068,1,2,9.16E-23,-0.0737,0.0075,A,G,chr3,12578104,12859004,60
chr3,12704894,12704895,rs904453,29,1,0.306,2,3,6.70E-10,-0.045,0.0073,T,G,chr3,12578104,12859004,60
chr3,12840513,12840514,rs9809596,22,1,0.068,1,2,3.35E-12,-0.0499,0.0072,C,G,chr3,12578104,12859004,60
chr3,12736146,12736147,rs9817646,10,1,0.105,2,3,1.94E-06,-0.0373,0.0078,A,G,chr3,12578104,12859004,60
chr3,12736530,12736531,rs9818046,17,1,0.052,1,2,5.40E-10,0.0457,0.0074,C,G,chr3,12578104,12859004,60
chr3,12736314,12736315,rs9837573,21,1,0.08,1,2,1.87E-06,0.0373,0.0078,T,C,chr3,12578104,12859004,60
chr3,12735939,12735940,rs9850960,124,1,0.178,2,3,1.85E-06,0.0373,0.0078,A,G,chr3,12578104,12859004,60
chr3,12771049,12771050,rs9864539,59,1,0.326,2,3,2.53E-08,-0.0433,0.0078,C,G,chr3,12578104,12859004,60
chr3,12771244,12771245,rs9864848,16,1,0.181,2,3,2.43E-08,-0.0433,0.0078,C,G,chr3,12578104,12859004,60
chr3,12801685,12801686,rs9865381,17,1,0.137,2,3,9.60E-06,0.0319,0.0072,T,C,chr3,12578104,12859004,60
chr3,12801785,12801786,rs9865548,14,1,0.137,2,3,8.35E-06,0.0321,0.0072,T,C,chr3,12578104,12859004,60
chr3,12829036,12829037,rs9881832,37,1,0.057,1,2,2.97E-12,0.0498,0.0071,T,C,chr3,12578104,12859004,60
chr3,38584845,38584846,rs114549077,16,1,0.063,1,2,3.75E-06,-0.0901,0.0195,A,G,chr3,38103776,38826179,62
chr3,38586415,38586416,rs12490047,10,1,0.056,1,2,4.96E-06,0.0389,0.0085,C,G,chr3,38103776,38826179,62
chr3,38575865,38575866,rs12497866,13,1,0.123,2,3,5.76E-06,-0.0387,0.0085,T,C,chr3,38103776,38826179,62
chr3,38589408,38589409,rs35231307,19,1,0.056,1,2,5.91E-06,-0.0385,0.0085,T,C,chr3,38103776,38826179,62
chr3,38624343,38624344,rs3922843,19,1,0.069,1,2,8.99E-09,0.0472,0.0082,A,G,chr3,38103776,38826179,62
chr3,38624253,38624254,rs3922844,15,1,0.069,1,2,6.84E-10,0.0478,0.0078,T,C,chr3,38103776,38826179,62
chr3,38590849,38590850,rs4073796,20,1,0.078,1,2,5.09E-08,-0.0412,0.0076,A,G,chr3,38103776,38826179,62
chr3,38764782,38764783,rs4076737,10,1,0.058,1,2,8.77E-15,0.0575,0.0074,T,G,chr3,38103776,38826179,62
chr3,38621237,38621238,rs41312411,38,1,0.099,1,2,8.32E-09,0.0605,0.0105,C,G,chr3,38103776,38826179,62
chr3,38590275,38590276,rs41315485,20,1,0.069,1,2,2.48E-05,0.0356,0.0084,A,G,chr3,38103776,38826179,62
chr3,38583041,38583042,rs55880069,26,1,0.066,1,2,1.14E-05,0.0372,0.0085,T,C,chr3,38103776,38826179,62
chr3,38586706,38586707,rs56283404,23,1,0.078,1,2,5.16E-06,-0.0387,0.0085,A,C,chr3,38103776,38826179,62
chr3,38587093,38587094,rs62239356,13,1,0.088,1,2,1.61E-05,0.0365,0.0085,T,C,chr3,38103776,38826179,62
chr3,38630311,38630312,rs62245110,24,1,0.064,1,2,2.32E-06,0.0436,0.0092,A,C,chr3,38103776,38826179,62
chr3,38578264,38578265,rs6771881,14,1,0.104,2,3,5.16E-06,0.0388,0.0085,A,G,chr3,38103776,38826179,62
chr3,38623703,38623704,rs6772989,24,1,0.078,1,2,1.35E-05,0.1455,0.0334,A,G,chr3,38103776,38826179,62
chr3,38623712,38623713,rs6773055,21,1,0.078,1,2,5.93E-05,0.1322,0.0329,T,G,chr3,38103776,38826179,62
chr3,38623752,38623753,rs6773076,22,1,0.078,1,2,8.97E-06,0.1478,0.0333,A,G,chr3,38103776,38826179,62
chr3,38585434,38585435,rs6781009,213,1,0.324,2,3,1.05E-05,0.0375,0.0085,T,C,chr3,38103776,38826179,62
chr3,38766675,38766676,rs6795970,16,1,0.197,2,3,1.41E-16,-0.0616,0.0075,A,G,chr3,38103776,38826179,62
chr3,38767603,38767604,rs6799257,15,1,0.056,1,2,1.25E-05,-0.0365,0.0084,A,G,chr3,38103776,38826179,62
chr3,38767315,38767316,rs6801957,148,1,0.107,2,3,6.78E-18,-0.0633,0.0073,T,C,chr3,38103776,38826179,62
chr3,38625154,38625155,rs71323670,21,1,0.051,1,2,8.59E-05,0.043,0.0109,T,C,chr3,38103776,38826179,62
chr3,38687369,38687370,rs7373492,68,1,0.092,2,3,1.74E-12,0.2032,0.0288,T,C,chr3,38103776,38826179,62
chr3,38765490,38765491,rs7430477,13,1,0.073,1,2,8.65E-07,0.0349,0.0071,T,C,chr3,38103776,38826179,62
chr3,38687226,38687227,rs9856387,46,1,0.085,1,2,1.35E-05,0.0335,0.0077,T,C,chr3,38103776,38826179,62
chr3,38682893,38682894,rs9880327,10,1,0.073,1,2,7.72E-06,0.0342,0.0077,A,G,chr3,38103776,38826179,62
chr3,38759465,38759466,rs9990137,50,1,0.078,1,2,1.79E-05,-0.0321,0.0075,A,G,chr3,38103776,38826179,62
chr3,66493465,66493466,rs2013627,22,1,0.059,1,2,6.62E-06,0.0358,0.0079,A,G,chr3,66338612,66509355,63
chr3,66507442,66507443,rs6549120,40,1,0.083,1,2,4.05E-06,0.0348,0.0075,A,G,chr3,66338612,66509355,63
chr3,66427259,66427260,rs7626079,28,1,0.081,1,2,1.91E-09,0.0448,0.0075,T,C,chr3,66338612,66509355,63
chr3,66493381,66493382,rs940040,13,1,0.059,1,2,9.15E-05,0.0321,0.0082,A,T,chr3,66338612,66509355,63
chr3,111578045,111578046,rs13063024,16,1,0,2,3,5.42E-09,0.0449,0.0077,T,C,chr3,1.11E+08,1.12E+08,64
chr3,111456174,111456175,rs13317985,15,1,0.101,2,3,4.13E-06,-0.0431,0.0093,T,G,chr3,1.11E+08,1.12E+08,64
chr3,111690768,111690769,rs1994731,19,1,0.075,1,2,1.79E-06,-0.0344,0.0072,A,G,chr3,1.11E+08,1.12E+08,64
chr3,111690620,111690621,rs529159,44,1,0.075,1,2,5.74E-09,-0.0552,0.0095,A,G,chr3,1.11E+08,1.12E+08,64
chr3,111584990,111584991,rs55954252,13,1,0.059,1,2,1.04E-10,-0.0693,0.0107,T,C,chr3,1.11E+08,1.12E+08,64
chr3,111583033,111583034,rs67396907,72,1,0.101,2,3,2.43E-10,-0.0671,0.0106,A,G,chr3,1.11E+08,1.12E+08,64
chr3,111582477,111582478,rs73228518,12,1,0.077,1,2,1.82E-10,0.0684,0.0107,A,T,chr3,1.11E+08,1.12E+08,64
chr3,111583672,111583673,rs73228521,10,1,0.077,1,2,1.95E-10,-0.0683,0.0107,A,G,chr3,1.11E+08,1.12E+08,64
chr3,111539893,111539894,rs9836042,19,1,0.083,1,2,8.18E-05,-0.0361,0.0092,A,G,chr3,1.11E+08,1.12E+08,64
chr3,111539564,111539565,rs9851613,11,1,0.083,1,2,7.15E-05,0.0363,0.0092,T,G,chr3,1.11E+08,1.12E+08,64
chr3,179168462,179168463,rs4855074,5,1,0.075,1,2,1.92E-08,0.0583,0.0104,T,C,chr3,1.79E+08,1.79E+08,65
chr3,179169230,179169231,rs7611674,100,1,0.431,2,3,4.90E-07,-0.0458,0.0091,T,G,chr3,1.79E+08,1.79E+08,65
chr3,179172979,179172980,rs7612445,38,1,0.055,1,2,1.60E-08,0.051,0.009,T,G,chr3,1.79E+08,1.79E+08,65
chr3,196467338,196467339,rs11711813,29,1,0.244,2,3,2.40E-07,-0.0372,0.0072,T,C,chr3,1.96E+08,1.96E+08,66
chr3,196467894,196467895,rs1630029,37,1,0.072,1,2,1.95E-05,-0.0314,0.0073,T,G,chr3,1.96E+08,1.96E+08,66
chr3,196466874,196466875,rs1718406,72,1,0.424,2,3,2.52E-07,-0.0373,0.0072,T,G,chr3,1.96E+08,1.96E+08,66
chr4,10082156,10082157,rs10516200,45,1,0.078,1,2,2.15E-06,0.0362,0.0076,A,C,chr4,10069531,10513072,67
chr4,10096692,10096693,rs10939702,17,1,0.099,1,2,1.38E-05,0.0328,0.0075,T,G,chr4,10069531,10513072,67
chr4,10111214,10111215,rs10939708,12,1,0.053,1,2,5.96E-08,-0.0424,0.0078,A,G,chr4,10069531,10513072,67
chr4,10109123,10109124,rs11732818,33,1,0.099,1,2,3.20E-07,0.0394,0.0077,A,G,chr4,10069531,10513072,67
chr4,10103890,10103891,rs12499240,19,1,0,1,2,6.85E-07,-0.0393,0.0079,T,C,chr4,10069531,10513072,67
chr4,10087685,10087686,rs12500400,23,1,0.052,1,2,8.81E-07,0.0375,0.0076,T,C,chr4,10069531,10513072,67
chr4,10118703,10118704,rs12502958,118,1,1.17,3,4,4.14E-09,-0.0452,0.0077,A,G,chr4,10069531,10513072,67
chr4,10104478,10104479,rs12640611,41,1,0.088,1,2,1.88E-07,-0.0405,0.0078,T,C,chr4,10069531,10513072,67
chr4,10087468,10087469,rs12640764,14,1,0.086,1,2,5.32E-08,-0.0437,0.008,T,C,chr4,10069531,10513072,67
chr4,10081754,10081755,rs12640847,20,1,0.065,1,2,1.89E-07,-0.041,0.0079,T,C,chr4,10069531,10513072,67
chr4,10102593,10102594,rs16868326,28,1,0,2,3,2.74E-05,0.0317,0.0075,A,T,chr4,10069531,10513072,67
chr4,10080462,10080463,rs2241469,22,1,0.051,1,2,2.24E-07,0.0407,0.0079,A,C,chr4,10069531,10513072,67
chr4,10085902,10085903,rs2241472,25,1,0.058,1,2,1.74E-06,-0.0416,0.0087,C,G,chr4,10069531,10513072,67
chr4,10085949,10085950,rs2241473,34,1,0.058,1,2,3.06E-06,0.0397,0.0085,A,G,chr4,10069531,10513072,67
chr4,10086188,10086189,rs2241475,27,1,0.072,1,2,1.03E-05,-0.033,0.0075,T,G,chr4,10069531,10513072,67
chr4,10086547,10086548,rs2241476,18,1,0.33,2,3,1.32E-06,-0.0369,0.0076,A,C,chr4,10069531,10513072,67
chr4,10086670,10086671,rs2241477,30,1,0,2,3,8.04E-07,0.0376,0.0076,T,C,chr4,10069531,10513072,67
chr4,10088893,10088894,rs2241478,20,1,0.055,1,2,9.12E-06,-0.0332,0.0075,T,C,chr4,10069531,10513072,67
chr4,10100801,10100802,rs2241484,4,1,0.043,1,2,6.95E-07,-0.038,0.0077,T,C,chr4,10069531,10513072,67
chr4,10101083,10101084,rs2241486,15,1,0.052,1,2,3.33E-06,-0.0357,0.0077,C,G,chr4,10069531,10513072,67
chr4,10101131,10101132,rs2241488,11,1,0.066,1,2,2.17E-06,-0.0412,0.0087,T,C,chr4,10069531,10513072,67
chr4,10101300,10101301,rs34104130,14,1,0.066,1,2,1.10E-08,-0.0465,0.0081,T,G,chr4,10069531,10513072,67
chr4,10104103,10104104,rs34893238,21,1,0.056,1,2,1.87E-06,-0.0366,0.0077,C,G,chr4,10069531,10513072,67
chr4,10107439,10107440,rs35411989,10,1,0.043,1,2,2.07E-06,0.0338,0.0071,T,C,chr4,10069531,10513072,67
chr4,10119404,10119405,rs35758343,16,1,0.112,2,3,4.39E-07,-0.0433,0.0086,T,C,chr4,10069531,10513072,67
chr4,10105739,10105740,rs3756224,22,1,0.08,1,2,1.42E-05,-0.0346,0.008,T,C,chr4,10069531,10513072,67
chr4,10094105,10094106,rs3756226,40,1,0.151,2,3,3.93E-07,-0.04,0.0079,A,G,chr4,10069531,10513072,67
chr4,10097976,10097977,rs3796818,132,1,0.092,2,3,1.78E-06,0.0416,0.0087,T,C,chr4,10069531,10513072,67
chr4,10093714,10093715,rs3796821,20,1,0.099,1,2,1.11E-07,-0.0413,0.0078,T,C,chr4,10069531,10513072,67
chr4,10093651,10093652,rs3796822,25,1,0.099,1,2,1.50E-07,0.0406,0.0077,C,G,chr4,10069531,10513072,67
chr4,10093609,10093610,rs3796823,30,1,0.088,1,2,1.07E-07,0.0413,0.0078,T,C,chr4,10069531,10513072,67
chr4,10092879,10092880,rs3796825,16,1,0.056,1,2,2.02E-06,0.0414,0.0087,A,T,chr4,10069531,10513072,67
chr4,10092728,10092729,rs3796826,21,1,0.071,1,2,2.03E-06,0.0413,0.0087,A,G,chr4,10069531,10513072,67
chr4,10119170,10119171,rs3806816,30,1,0.437,2,3,4.63E-09,-0.0451,0.0077,A,G,chr4,10069531,10513072,67
chr4,10095539,10095540,rs3822239,22,1,0.504,2,3,2.32E-07,0.0398,0.0077,A,T,chr4,10069531,10513072,67
chr4,10094783,10094784,rs3822245,47,1,0.233,3,4,1.32E-07,-0.041,0.0078,T,C,chr4,10069531,10513072,67
chr4,10094698,10094699,rs3822246,36,1,0.233,2,3,2.34E-06,0.0411,0.0087,A,G,chr4,10069531,10513072,67
chr4,10088260,10088261,rs3822248,13,1,0.052,1,2,9.45E-07,-0.0374,0.0076,A,G,chr4,10069531,10513072,67
chr4,10086795,10086796,rs3822249,63,1,0.343,2,3,2.49E-06,0.036,0.0076,C,G,chr4,10069531,10513072,67
chr4,10118745,10118746,rs3822259,54,1,1.17,3,4,1.93E-09,0.0463,0.0077,T,G,chr4,10069531,10513072,67
chr4,10176970,10176971,rs4140694,15,1,0.047,1,2,7.43E-07,-0.0416,0.0084,T,G,chr4,10069531,10513072,67
chr4,10107789,10107790,rs4697704,22,1,0.046,1,2,5.90E-07,0.0384,0.0077,T,G,chr4,10069531,10513072,67
chr4,10119601,10119602,rs4697706,9,1,0.08,1,2,6.51E-09,0.0448,0.0077,T,G,chr4,10069531,10513072,67
chr4,10101960,10101961,rs4697917,10,1,0.051,1,2,1.47E-06,-0.0383,0.008,T,G,chr4,10069531,10513072,67
chr4,10110559,10110560,rs4697921,33,1,0.064,1,2,3.56E-07,-0.0408,0.008,T,C,chr4,10069531,10513072,67
chr4,10110605,10110606,rs4697922,41,1,0.064,1,2,8.74E-08,-0.0419,0.0078,T,C,chr4,10069531,10513072,67
chr4,10119444,10119445,rs4697923,15,1,0.09,2,3,2.47E-07,-0.0382,0.0074,A,G,chr4,10069531,10513072,67
chr4,10119903,10119904,rs55817941,21,1,0.047,1,2,9.53E-08,0.0393,0.0074,C,G,chr4,10069531,10513072,67
chr4,10081117,10081118,rs55848383,17,1,0.073,1,2,2.88E-06,0.0409,0.0087,A,C,chr4,10069531,10513072,67
chr4,10081052,10081053,rs56146302,11,1,0.048,1,2,1.88E-06,0.0415,0.0087,T,C,chr4,10069531,10513072,67
chr4,10187181,10187182,rs58099252,15,1,0.059,1,2,8.53E-07,0.0415,0.0084,A,T,chr4,10069531,10513072,67
chr4,10242013,10242014,rs62286326,16,1,0.054,1,2,2.21E-06,-0.0409,0.0086,A,G,chr4,10069531,10513072,67
chr4,10242099,10242100,rs62286327,60,1,0.054,1,2,2.38E-05,0.0356,0.0084,A,G,chr4,10069531,10513072,67
chr4,10174917,10174918,rs62288891,23,1,0.059,1,2,7.93E-05,0.0331,0.0084,A,G,chr4,10069531,10513072,67
chr4,10101443,10101444,rs6830786,17,1,0.072,1,2,3.13E-06,0.0358,0.0077,T,C,chr4,10069531,10513072,67
chr4,10096230,10096231,rs73212853,11,1,0.173,2,3,2.23E-06,0.0413,0.0087,T,C,chr4,10069531,10513072,67
chr4,10104173,10104174,rs73212863,23,1,0.069,1,2,1.37E-06,0.042,0.0087,T,C,chr4,10069531,10513072,67
chr4,10104191,10104192,rs73212864,15,1,0.055,1,2,1.46E-06,0.0419,0.0087,A,G,chr4,10069531,10513072,67
chr4,10117430,10117431,rs73212886,25,1,0,2,3,9.48E-07,0.0426,0.0087,T,C,chr4,10069531,10513072,67
chr4,10119454,10119455,rs73212889,17,1,0.09,2,3,3.93E-07,-0.0434,0.0086,A,G,chr4,10069531,10513072,67
chr4,10119911,10119912,rs73212890,23,1,0.047,1,2,5.09E-07,-0.0432,0.0086,A,G,chr4,10069531,10513072,67
chr4,10119942,10119943,rs73212891,20,1,0.047,1,2,3.67E-07,0.0436,0.0086,A,G,chr4,10069531,10513072,67
chr4,10097745,10097746,rs735527,34,1,0.082,1,2,1.79E-06,-0.0415,0.0087,A,G,chr4,10069531,10513072,67
chr4,10081201,10081202,rs7685806,15,1,0.073,1,2,4.83E-06,0.0351,0.0077,A,G,chr4,10069531,10513072,67
chr4,10118733,10118734,rs79835095,59,1,1.17,3,4,2.03E-07,0.0445,0.0086,T,C,chr4,10069531,10513072,67
chr4,103790186,103790187,rs223332,197,1,1.5,3,4,4.01E-10,0.0443,0.0071,T,G,chr4,1.04E+08,1.04E+08,68
chr4,103789810,103789811,rs223333,84,1,0.154,2,3,1.85E-09,0.0425,0.0071,A,C,chr4,1.04E+08,1.04E+08,68
chr4,103750316,103750317,rs223385,23,1,0.068,1,2,9.03E-10,0.0431,0.007,A,G,chr4,1.04E+08,1.04E+08,68
chr4,103750268,103750269,rs223386,33,1,0.068,1,2,8.27E-10,0.0432,0.007,T,C,chr4,1.04E+08,1.04E+08,68
chr4,103749516,103749517,rs223387,111,1,1.465,3,4,2.29E-10,-0.0447,0.007,C,G,chr4,1.04E+08,1.04E+08,68
chr4,103749444,103749445,rs223388,134,1,1.465,3,4,8.24E-10,0.0432,0.007,A,G,chr4,1.04E+08,1.04E+08,68
chr4,103748943,103748944,rs223389,159,1,1.429,3,4,3.21E-05,0.0368,0.0088,A,G,chr4,1.04E+08,1.04E+08,68
chr4,103748797,103748798,rs223390,171,1,1.429,3,4,1.13E-10,-0.0455,0.0071,A,G,chr4,1.04E+08,1.04E+08,68
chr4,103748224,103748225,rs223391,46,1,0.719,3,4,3.39E-05,0.0366,0.0088,A,G,chr4,1.04E+08,1.04E+08,68
chr4,103654439,103654440,rs223496,12,1,0.085,1,2,5.45E-06,-0.0365,0.008,A,G,chr4,1.04E+08,1.04E+08,68
chr4,103653976,103653977,rs223497,159,1,0.145,2,3,1.76E-08,-0.0402,0.0071,T,C,chr4,1.04E+08,1.04E+08,68
chr4,111542154,111542155,rs2278782,69,1,0.06,1,2,5.13E-05,-0.04,0.0099,A,G,chr4,1.11E+08,1.13E+08,69
chr4,111553133,111553134,rs2595104,121,1,0.099,1,2,4.46E-110,0.1697,0.0076,T,G,chr4,1.11E+08,1.13E+08,69
chr4,111558411,111558412,rs2739200,11,1,0.059,1,2,4.24E-112,-0.1711,0.0076,C,G,chr4,1.11E+08,1.13E+08,69
chr4,114477154,114477155,rs10027475,91,1,0.063,1,2,9.43E-05,0.0322,0.0083,T,C,chr4,1.14E+08,1.15E+08,70
chr4,148905488,148905489,rs13435037,18,1,0.047,1,2,4.66E-06,0.066,0.0144,T,C,chr4,1.49E+08,1.49E+08,71
chr4,148928719,148928720,rs17676286,173,1,0.055,1,2,2.59E-12,0.1089,0.0156,A,G,chr4,1.49E+08,1.49E+08,71
chr4,149365909,149365910,rs5520,42,1,0.124,2,3,2.44E-05,-0.0319,0.0076,C,G,chr4,1.49E+08,1.49E+08,71
chr4,149366170,149366171,rs62332389,52,1,0.088,1,2,1.33E-05,0.0329,0.0076,A,G,chr4,1.49E+08,1.49E+08,71
chr4,148912549,148912550,rs73853999,14,1,0,1,2,3.82E-09,0.0939,0.0159,T,G,chr4,1.49E+08,1.49E+08,71
chr4,174448143,174448144,rs10024737,23,1,0.185,2,3,4.70E-07,-0.1825,0.0362,T,C,chr4,1.74E+08,1.75E+08,72
chr4,174447349,174447350,rs10520260,10,1,0.177,2,3,8.98E-12,0.0539,0.0079,A,G,chr4,1.74E+08,1.75E+08,72
chr4,174442919,174442920,rs12644553,50,1,0.662,3,4,8.66E-05,-0.0358,0.0091,T,G,chr4,1.74E+08,1.75E+08,72
chr4,174438429,174438430,rs17059515,19,1,0.209,2,3,1.66E-07,0.2452,0.0469,A,G,chr4,1.74E+08,1.75E+08,72
chr4,174439793,174439794,rs17059519,14,1,0.721,3,4,9.63E-09,0.2502,0.0436,A,C,chr4,1.74E+08,1.75E+08,72
chr4,174443218,174443219,rs17059524,77,1,0.864,3,4,1.39E-08,0.2411,0.0425,A,G,chr4,1.74E+08,1.75E+08,72
chr4,174444902,174444903,rs17059534,56,1,0.331,2,3,1.47E-06,0.1768,0.0367,A,G,chr4,1.74E+08,1.75E+08,72
chr4,174454025,174454026,rs17059552,33,1,0.074,1,2,4.71E-06,0.1661,0.0363,T,G,chr4,1.74E+08,1.75E+08,72
chr4,174445032,174445033,rs2044088,24,1,0.213,2,3,6.33E-05,0.0361,0.009,T,C,chr4,1.74E+08,1.75E+08,72
chr4,174447389,174447390,rs2119788,13,1,0.177,2,3,7.08E-06,-0.0326,0.0073,T,C,chr4,1.74E+08,1.75E+08,72
chr4,174451999,174452000,rs2276940,14,1,0.311,2,3,1.73E-06,0.1759,0.0368,A,C,chr4,1.74E+08,1.75E+08,72
chr4,174458022,174458023,rs3775588,8,1,0.056,1,2,1.72E-05,-0.0314,0.0073,A,T,chr4,1.74E+08,1.75E+08,72
chr4,174439702,174439703,rs4146856,38,1,0.566,3,4,6.08E-05,-0.0342,0.0085,T,C,chr4,1.74E+08,1.75E+08,72
chr4,174591181,174591182,rs6853119,72,1,0.082,2,3,8.22E-10,-0.1384,0.0225,C,G,chr4,1.74E+08,1.75E+08,72
chr4,174605673,174605674,rs75437955,56,1,0.153,2,3,5.41E-10,-0.1311,0.0211,T,C,chr4,1.74E+08,1.75E+08,72
chr4,174460422,174460423,rs76474551,28,1,0.056,1,2,4.42E-06,-0.1678,0.0366,T,C,chr4,1.74E+08,1.75E+08,72
chr4,174438909,174438910,rs7686033,19,1,0.449,2,3,5.00E-05,-0.0346,0.0085,T,C,chr4,1.74E+08,1.75E+08,72
chr4,174449253,174449254,rs78164752,10,1,0.112,2,3,2.31E-05,-0.1501,0.0355,T,G,chr4,1.74E+08,1.75E+08,72
chr4,174440003,174440004,rs79124154,26,1,0.188,2,3,5.02E-07,0.211,0.042,T,C,chr4,1.74E+08,1.75E+08,72
chr4,174601577,174601578,rs79129723,49,1,0.081,1,2,5.59E-10,-0.131,0.0211,T,C,chr4,1.74E+08,1.75E+08,72
chr4,174452825,174452826,rs79467406,48,1,0.113,2,3,2.80E-06,0.171,0.0365,C,G,chr4,1.74E+08,1.75E+08,72
chr4,174440356,174440357,rs80073944,16,1,0.319,2,3,5.87E-06,-0.1568,0.0346,A,G,chr4,1.74E+08,1.75E+08,72
chr4,174459508,174459509,rs894281,21,1,0.094,1,2,4.36E-06,0.168,0.0366,T,G,chr4,1.74E+08,1.75E+08,72
chr5,113774177,113774178,rs72801831,24,1,0.059,1,2,2.51E-05,-0.0534,0.0127,A,C,chr5,1.14E+08,1.14E+08,73
chr5,137667345,137667346,rs1042124,22,1,0.04,1,2,2.05E-08,0.0542,0.0097,A,C,chr5,1.37E+08,1.38E+08,74
chr5,137071044,137071045,rs17171584,31,1,0.047,1,2,8.95E-17,0.0947,0.0114,T,C,chr5,1.37E+08,1.38E+08,74
chr5,137514815,137514816,rs17171770,44,1,0.231,2,3,4.33E-20,0.0674,0.0073,T,C,chr5,1.37E+08,1.38E+08,74
chr5,137514853,137514854,rs17171772,28,1,0.146,2,3,1.41E-18,-0.0641,0.0073,A,G,chr5,1.37E+08,1.38E+08,74
chr5,137674627,137674628,rs2107675,15,1,0.143,2,3,7.09E-09,-0.0553,0.0096,T,C,chr5,1.37E+08,1.38E+08,74
chr5,137775273,137775274,rs2277067,19,1,0.076,1,2,1.77E-11,0.0494,0.0073,A,G,chr5,1.37E+08,1.38E+08,74
chr5,137785499,137785500,rs34291637,11,1,0.062,1,2,2.64E-05,0.0359,0.0086,T,C,chr5,1.37E+08,1.38E+08,74
chr5,137673004,137673005,rs3756765,14,1,0.242,2,3,1.99E-06,0.0404,0.0085,A,G,chr5,1.37E+08,1.38E+08,74
chr5,137800024,137800025,rs3813321,61,1,0.529,3,4,4.22E-07,-0.0366,0.0072,T,C,chr5,1.37E+08,1.38E+08,74
chr5,137688274,137688275,rs55803185,82,1,0.112,2,3,1.99E-09,-0.0576,0.0096,A,G,chr5,1.37E+08,1.38E+08,74
chr5,137799230,137799231,rs56109915,22,1,0.161,2,3,8.58E-07,-0.0358,0.0073,C,G,chr5,1.37E+08,1.38E+08,74
chr5,137091161,137091162,rs56210945,20,1,0.065,1,2,1.34E-21,0.0893,0.0094,A,C,chr5,1.37E+08,1.38E+08,74
chr5,137673623,137673624,rs56316522,50,1,0.592,3,4,6.60E-09,-0.0554,0.0096,A,C,chr5,1.37E+08,1.38E+08,74
chr5,137673515,137673516,rs56366217,38,1,0.85,3,4,6.48E-09,-0.0554,0.0096,A,G,chr5,1.37E+08,1.38E+08,74
chr5,137674443,137674444,rs62380929,21,1,0.244,2,3,5.94E-09,0.0559,0.0096,A,T,chr5,1.37E+08,1.38E+08,74
chr5,137667512,137667513,rs6861656,84,1,0.136,2,3,1.28E-11,-0.0495,0.0073,T,C,chr5,1.37E+08,1.38E+08,74
chr5,137090823,137090824,rs73298155,21,1,0.501,2,3,1.00E-21,0.0894,0.0093,T,C,chr5,1.37E+08,1.38E+08,74
chr5,137776297,137776298,rs77085797,22,1,0.053,1,2,2.05E-08,0.0658,0.0117,A,G,chr5,1.37E+08,1.38E+08,74
chr5,137514641,137514642,rs7729926,146,1,0.498,2,3,1.29E-18,-0.0642,0.0073,A,T,chr5,1.37E+08,1.38E+08,74
chr5,137775581,137775582,rs982085,16,1,0.076,1,2,3.38E-10,-0.0462,0.0074,C,G,chr5,1.37E+08,1.38E+08,74
chr5,142782402,142782403,rs10482614,22,1,0.164,2,3,1.18E-10,0.0633,0.0098,T,C,chr5,1.43E+08,1.43E+08,75
chr5,142623754,142623755,rs258752,60,1,0.05,1,2,3.70E-11,-0.0652,0.0099,T,C,chr5,1.43E+08,1.43E+08,75
chr5,172669771,172669772,rs10071514,49,1,0.584,2,3,1.66E-13,0.0594,0.0081,A,G,chr5,1.72E+08,1.73E+08,76
chr5,172656107,172656108,rs12514371,19,1,0.05,1,2,3.65E-10,0.0594,0.0095,A,G,chr5,1.72E+08,1.73E+08,76
chr5,172662024,172662025,rs2277923,43,1,0.864,3,4,6.74E-14,0.0589,0.0079,T,C,chr5,1.72E+08,1.73E+08,76
chr5,172658139,172658140,rs2339832,16,1,0.058,1,2,8.19E-10,-0.0469,0.0076,A,C,chr5,1.72E+08,1.73E+08,76
chr5,172592132,172592133,rs28199,19,1,0.096,2,3,4.90E-09,-0.0441,0.0075,A,G,chr5,1.72E+08,1.73E+08,76
chr5,172595308,172595309,rs29784,12,1,0.058,1,2,5.19E-05,0.0293,0.0072,T,C,chr5,1.72E+08,1.73E+08,76
chr5,172595203,172595204,rs29785,10,1,0.058,1,2,5.81E-05,-0.0291,0.0072,A,G,chr5,1.72E+08,1.73E+08,76
chr5,172656191,172656192,rs3095872,9,1,0.047,1,2,6.26E-10,0.0469,0.0076,T,C,chr5,1.72E+08,1.73E+08,76
chr5,172655963,172655964,rs3095873,19,1,0.071,1,2,1.24E-10,0.0487,0.0076,A,C,chr5,1.72E+08,1.73E+08,76
chr5,172655663,172655664,rs3132138,20,1,0.097,2,3,1.70E-10,0.0483,0.0076,T,G,chr5,1.72E+08,1.73E+08,76
chr5,172655733,172655734,rs3132139,27,1,0.109,2,3,2.31E-10,0.0483,0.0076,A,G,chr5,1.72E+08,1.73E+08,76
chr5,172595861,172595862,rs39796,17,1,0.073,1,2,5.78E-05,-0.0291,0.0072,T,C,chr5,1.72E+08,1.73E+08,76
chr5,172674877,172674878,rs6874428,5,1,0.058,1,2,2.13E-12,-0.054,0.0077,C,G,chr5,1.72E+08,1.73E+08,76
chr5,172624482,172624483,rs7701353,5,1,0.046,1,2,1.97E-08,0.0421,0.0075,A,C,chr5,1.72E+08,1.73E+08,76
chr5,172669254,172669255,rs9313620,11,1,0.13,2,3,9.26E-09,-0.0435,0.0076,T,C,chr5,1.72E+08,1.73E+08,76
chr6,16414553,16414554,rs59430691,44,1,0.143,2,3,7.01E-21,-0.105,0.0112,A,G,chr6,16405710,16442458,77
chr6,18264355,18264356,rs214514,30,1,0.164,2,3,3.22E-06,-0.0413,0.0089,A,G,chr6,18210109,18412469,78
chr6,18387265,18387266,rs9371051,9,1,0.078,1,2,3.23E-17,-0.0656,0.0078,T,G,chr6,18210109,18412469,78
chr6,18387692,18387693,rs9396858,94,1,0.235,2,3,7.42E-16,-0.0614,0.0076,A,G,chr6,18210109,18412469,78
chr6,36646849,36646850,rs3176323,47,1,0.324,2,3,5.57E-05,0.031,0.0077,T,C,chr6,36645588,36659932,80
chr6,36647289,36647290,rs3176326,66,1,0.277,2,3,7.95E-11,-0.0599,0.0092,A,G,chr6,36645588,36659932,80
chr6,88032788,88032789,rs1753152,21,1,0.192,2,3,4.53E-06,0.0334,0.0073,T,G,chr6,87814959,88406656,81
chr6,88032834,88032835,rs1753153,12,1,0.1,2,3,1.70E-06,-0.0339,0.0071,T,G,chr6,87814959,88406656,81
chr6,88032843,88032844,rs1753154,13,1,0.1,2,3,1.75E-06,0.0339,0.0071,C,G,chr6,87814959,88406656,81
chr6,88032402,88032403,rs2257153,48,1,0.424,2,3,1.79E-06,0.0348,0.0073,A,C,chr6,87814959,88406656,81
chr6,88032398,88032399,rs2474349,53,1,0.424,2,3,1.28E-06,0.0343,0.0071,T,G,chr6,87814959,88406656,81
chr6,88044558,88044559,rs374792,118,1,0.121,2,3,2.56E-06,-0.0343,0.0073,A,G,chr6,87814959,88406656,81
chr6,88043560,88043561,rs379455,15,1,0.04,1,2,2.27E-05,-0.0306,0.0072,T,C,chr6,87814959,88406656,81
chr6,88044645,88044646,rs385210,87,1,0.121,2,3,2.95E-06,-0.034,0.0073,T,C,chr6,87814959,88406656,81
chr6,88043640,88043641,rs446851,20,1,0.082,1,2,1.57E-06,0.0339,0.0071,A,G,chr6,87814959,88406656,81
chr6,88044619,88044620,rs447077,111,1,0.121,2,3,1.59E-06,0.0339,0.0071,T,C,chr6,87814959,88406656,81
chr6,88183043,88183044,rs58785365,28,1,0.325,2,3,3.44E-06,-0.0344,0.0074,C,G,chr6,87814959,88406656,81
chr6,87861764,87861765,rs6454588,36,1,0.536,2,3,6.99E-07,0.0353,0.0071,T,C,chr6,87814959,88406656,81
chr6,87862095,87862096,rs9362398,102,1,0.319,2,3,9.16E-07,-0.035,0.0071,A,G,chr6,87814959,88406656,81
chr6,87864140,87864141,rs9450624,10,1,0.079,1,2,7.88E-08,0.0428,0.008,T,G,chr6,87814959,88406656,81
chr6,88299310,88299311,rs9450751,16,1,0.137,2,3,1.13E-05,0.0338,0.0077,A,C,chr6,87814959,88406656,81
chr6,117869311,117869312,rs138240393,70,1,0.219,2,3,2.50E-05,0.0993,0.0236,T,C,chr6,1.18E+08,1.18E+08,82
chr6,117869491,117869492,rs210621,23,1,0.14,2,3,3.76E-06,-0.0362,0.0078,A,G,chr6,1.18E+08,1.18E+08,82
chr6,117869850,117869851,rs9489217,5,1,0.052,1,2,2.51E-05,-0.0301,0.0071,T,C,chr6,1.18E+08,1.18E+08,82
chr6,118692152,118692153,rs10457327,121,1,0.281,2,3,1.28E-11,0.1137,0.0168,C,G,chr6,1.19E+08,1.19E+08,83
chr6,118836153,118836154,rs11153753,118,1,0.052,2,3,1.42E-05,0.031,0.0071,T,C,chr6,1.19E+08,1.19E+08,83
chr6,118875685,118875686,rs12153955,19,1,0.129,2,3,8.37E-05,-0.0509,0.0129,T,C,chr6,1.19E+08,1.19E+08,83
chr6,118884092,118884093,rs12197337,24,1,0.13,2,3,1.36E-05,-0.031,0.0071,T,C,chr6,1.19E+08,1.19E+08,83
chr6,118872080,118872081,rs12211576,9,1,0.259,2,3,1.32E-05,-0.0311,0.0071,A,G,chr6,1.19E+08,1.19E+08,83
chr6,118875162,118875163,rs13192336,6,1,0.2,2,3,1.25E-05,0.0314,0.0072,A,T,chr6,1.19E+08,1.19E+08,83
chr6,118875258,118875259,rs13192574,13,1,0.2,2,3,1.30E-05,-0.0311,0.0071,T,C,chr6,1.19E+08,1.19E+08,83
chr6,118699070,118699071,rs13192975,13,1,0.063,1,2,6.86E-05,0.052,0.0131,T,C,chr6,1.19E+08,1.19E+08,83
chr6,118641313,118641314,rs1743256,62,1,0.07,1,2,6.59E-05,-0.0437,0.011,A,G,chr6,1.19E+08,1.19E+08,83
chr6,118617879,118617880,rs1761620,52,1,0.06,1,2,7.97E-06,-0.0495,0.0111,A,G,chr6,1.19E+08,1.19E+08,83
chr6,118876539,118876540,rs2356497,34,1,0.066,1,2,3.10E-11,-0.0478,0.0072,T,C,chr6,1.19E+08,1.19E+08,83
chr6,118630300,118630301,rs283043,18,1,0.039,1,2,1.58E-07,0.0761,0.0145,A,G,chr6,1.19E+08,1.19E+08,83
chr6,118826244,118826245,rs34479834,15,1,0.065,1,2,1.23E-05,-0.0312,0.0071,A,T,chr6,1.19E+08,1.19E+08,83
chr6,118869730,118869731,rs3752581,4,1,0.245,2,3,1.31E-05,-0.0311,0.0071,A,G,chr6,1.19E+08,1.19E+08,83
chr6,118616247,118616248,rs397445,21,1,0.112,2,3,2.39E-07,0.0369,0.0071,A,G,chr6,1.19E+08,1.19E+08,83
chr6,118617037,118617038,rs419592,10,1,0.156,2,3,2.50E-07,0.0369,0.0071,A,G,chr6,1.19E+08,1.19E+08,83
chr6,118693502,118693503,rs4551203,34,1,0.221,2,3,4.34E-09,0.0757,0.0129,A,G,chr6,1.19E+08,1.19E+08,83
chr6,118693802,118693803,rs55770006,299,1,0.374,2,3,4.78E-08,0.1254,0.023,C,G,chr6,1.19E+08,1.19E+08,83
chr6,118971913,118971914,rs62422235,45,1,0.099,1,2,1.57E-11,0.0637,0.0094,A,G,chr6,1.19E+08,1.19E+08,83
chr6,118972633,118972634,rs62422236,37,1,0.339,2,3,2.28E-11,0.063,0.0094,T,G,chr6,1.19E+08,1.19E+08,83
chr6,118973137,118973138,rs6913012,29,1,0.181,2,3,2.22E-05,-0.0304,0.0072,A,G,chr6,1.19E+08,1.19E+08,83
chr6,118883817,118883818,rs72952771,19,1,0.1,2,3,6.60E-11,-0.047,0.0072,T,C,chr6,1.19E+08,1.19E+08,83
chr6,118699329,118699330,rs72967581,128,1,0.104,2,3,6.29E-09,0.0752,0.0129,A,G,chr6,1.19E+08,1.19E+08,83
chr6,118692981,118692982,rs7453914,7,1,0.15,2,3,6.97E-06,0.0324,0.0072,A,T,chr6,1.19E+08,1.19E+08,83
chr6,118692498,118692499,rs7764272,9,1,0.184,2,3,1.20E-05,0.0315,0.0072,A,C,chr6,1.19E+08,1.19E+08,83
chr6,118692514,118692515,rs7764280,4,1,0.158,2,3,1.27E-05,0.0314,0.0072,A,G,chr6,1.19E+08,1.19E+08,83
chr6,118691445,118691446,rs77710920,2,1,0.072,1,2,1.29E-11,0.1137,0.0168,C,G,chr6,1.19E+08,1.19E+08,83
chr6,118693665,118693666,rs9320649,252,1,0.374,2,3,1.12E-05,-0.0316,0.0072,A,G,chr6,1.19E+08,1.19E+08,83
chr6,118876092,118876093,rs9481825,62,1,0.185,2,3,4.54E-12,0.0639,0.0092,A,G,chr6,1.19E+08,1.19E+08,83
chr6,118876376,118876377,rs9481826,27,1,0.077,2,3,6.10E-12,0.0635,0.0092,T,C,chr6,1.19E+08,1.19E+08,83
chr6,122389955,122389956,rs868153,14,1,0.069,1,2,1.99E-20,0.0695,0.0075,T,G,chr6,1.22E+08,1.23E+08,84
chr6,122389940,122389941,rs868154,13,1,0.069,1,2,2.05E-20,-0.0695,0.0075,A,G,chr6,1.22E+08,1.23E+08,84
chr6,122389906,122389907,rs868155,13,1,0.069,1,2,1.83E-20,-0.0696,0.0075,T,C,chr6,1.22E+08,1.23E+08,84
chr6,133563759,133563760,rs62430275,18,1,0.076,1,2,2.51E-06,-0.0412,0.0087,T,C,chr6,1.33E+08,1.34E+08,85
chr6,149401466,149401467,rs2486409,74,1,0.059,1,2,2.32E-07,0.0399,0.0077,A,G,chr6,1.49E+08,1.49E+08,86
chr6,149401560,149401561,rs6935330,89,1,0.051,1,2,1.21E-05,-0.0321,0.0073,T,G,chr6,1.49E+08,1.49E+08,86
chr7,870594,870595,rs10215843,34,1,0.123,2,3,5.76E-07,-0.036,0.0072,C,G,chr7,861526,905265,87
chr7,876525,876526,rs10950689,7,1,0.078,1,2,2.14E-05,-0.0403,0.0095,T,C,chr7,861526,905265,87
chr7,862805,862806,rs11766365,22,1,0.099,1,2,2.12E-06,0.0346,0.0073,T,C,chr7,861526,905265,87
chr7,876227,876228,rs11768850,32,1,0.063,1,2,4.96E-08,0.0392,0.0072,T,C,chr7,861526,905265,87
chr7,871925,871926,rs4236291,10,1,0.32,2,3,1.16E-05,0.0317,0.0072,T,G,chr7,861526,905265,87
chr7,871369,871370,rs4719499,17,1,0.31,2,3,2.17E-05,-0.0307,0.0072,T,C,chr7,861526,905265,87
chr7,873395,873396,rs7783469,14,1,0.054,1,2,3.37E-06,0.0335,0.0072,T,C,chr7,861526,905265,87
chr7,861526,861527,rs7785538,41,1,0.203,2,3,5.73E-07,0.0365,0.0073,T,C,chr7,861526,905265,87
chr7,870661,870662,rs7804512,9,1,0.225,2,3,3.19E-05,-0.0301,0.0072,C,G,chr7,861526,905265,87
chr7,106853817,106853818,rs12672451,19,1,0.06,1,2,2.05E-08,-0.0467,0.0083,C,G,chr7,1.07E+08,1.07E+08,91
chr7,116043100,116043101,rs10252986,7,1,0.044,1,2,2.47E-05,-0.0484,0.0115,A,G,chr7,1.16E+08,1.16E+08,92
chr7,115850675,115850676,rs11549785,20,1,0,2,3,3.19E-07,0.0393,0.0077,T,C,chr7,1.16E+08,1.16E+08,92
chr7,115850462,115850463,rs1319886,68,1,0.219,2,3,2.63E-14,-0.0564,0.0074,T,C,chr7,1.16E+08,1.16E+08,92
chr7,115851487,115851488,rs13223583,32,1,0.438,3,4,1.20E-14,-0.057,0.0074,T,C,chr7,1.16E+08,1.16E+08,92
chr7,116140149,116140150,rs13235183,45,1,0.158,2,3,6.45E-17,-0.1107,0.0132,T,G,chr7,1.16E+08,1.16E+08,92
chr7,116223537,116223538,rs13246051,10,1,0.049,1,2,6.50E-17,-0.0635,0.0076,A,T,chr7,1.16E+08,1.16E+08,92
chr7,116043524,116043525,rs1633728,10,1,0.046,1,2,4.17E-17,0.0677,0.008,A,G,chr7,1.16E+08,1.16E+08,92
chr7,115850937,115850938,rs1866961,22,1,0.153,2,3,9.80E-15,-0.0572,0.0074,T,C,chr7,1.16E+08,1.16E+08,92
chr7,116140524,116140525,rs2270188,53,1,0.158,2,3,2.07E-44,0.1,0.0072,T,G,chr7,1.16E+08,1.16E+08,92
chr7,116140616,116140617,rs2270189,47,1,0.124,2,3,2.19E-44,-0.1,0.0072,A,G,chr7,1.16E+08,1.16E+08,92
chr7,115850563,115850564,rs28411392,90,1,0.274,2,3,7.87E-14,0.0554,0.0074,T,C,chr7,1.16E+08,1.16E+08,92
chr7,116140931,116140932,rs28503222,29,1,0.14,2,3,2.31E-06,-0.0463,0.0098,C,G,chr7,1.16E+08,1.16E+08,92
chr7,116165174,116165175,rs35182456,127,1,0.206,2,3,3.40E-06,0.1168,0.0251,T,C,chr7,1.16E+08,1.16E+08,92
chr7,116139718,116139719,rs3735625,132,1,0.232,2,3,8.95E-11,-0.0513,0.0079,T,G,chr7,1.16E+08,1.16E+08,92
chr7,116186241,116186242,rs3807989,170,1,0.058,1,2,2.96E-57,-0.1154,0.0072,A,G,chr7,1.16E+08,1.16E+08,92
chr7,116151784,116151785,rs3919515,30,1,0.051,1,2,1.47E-44,0.1004,0.0072,C,G,chr7,1.16E+08,1.16E+08,92
chr7,115851981,115851982,rs4428611,11,1,0.057,1,2,1.33E-09,0.0802,0.0132,A,G,chr7,1.16E+08,1.16E+08,92
chr7,116166400,116166401,rs56014347,187,1,0.21,2,3,7.41E-11,-0.0911,0.014,T,C,chr7,1.16E+08,1.16E+08,92
chr7,116140764,116140765,rs62468993,76,1,0.124,2,3,7.03E-08,-0.0702,0.013,A,G,chr7,1.16E+08,1.16E+08,92
chr7,115995461,115995462,rs6466574,16,1,0.231,2,3,1.21E-18,-0.0813,0.0092,A,G,chr7,1.16E+08,1.16E+08,92
chr7,115996856,115996857,rs760444,10,1,0.093,1,2,1.38E-18,0.081,0.0092,A,G,chr7,1.16E+08,1.16E+08,92
chr7,116152120,116152121,rs7778236,345,1,0.087,2,3,1.84E-06,0.1147,0.024,T,C,chr7,1.16E+08,1.16E+08,92
chr7,116217029,116217030,rs7795356,10,1,0.051,1,2,6.77E-07,-0.0463,0.0093,T,C,chr7,1.16E+08,1.16E+08,92
chr7,128472138,128472139,rs3807309,41,1,0.254,2,3,9.72E-05,-0.043,0.011,A,G,chr7,1.28E+08,1.29E+08,93
chr7,150668070,150668071,rs10236214,8,1,0.088,2,3,9.20E-08,-0.0415,0.0078,T,C,chr7,1.51E+08,1.51E+08,94
chr7,150657201,150657202,rs12668582,34,1,0.063,1,2,1.22E-05,0.0336,0.0077,A,C,chr7,1.51E+08,1.51E+08,94
chr7,150640285,150640286,rs1547958,17,1,0.128,2,3,6.61E-09,0.0498,0.0086,T,C,chr7,1.51E+08,1.51E+08,94
chr7,150649531,150649532,rs1805120,8,1,0.06,1,2,6.35E-09,-0.0499,0.0086,A,G,chr7,1.51E+08,1.51E+08,94
chr7,150647970,150647971,rs2072412,13,1,0.055,1,2,7.43E-10,-0.0515,0.0084,C,G,chr7,1.51E+08,1.51E+08,94
chr7,150647969,150647970,rs2072413,13,1,0.055,1,2,1.55E-09,0.0506,0.0084,T,C,chr7,1.51E+08,1.51E+08,94
chr7,150650792,150650793,rs2269000,21,1,0.071,1,2,4.13E-09,-0.0507,0.0086,A,G,chr7,1.51E+08,1.51E+08,94
chr7,150651816,150651817,rs2269001,27,1,0.114,2,3,4.89E-09,-0.0507,0.0087,A,G,chr7,1.51E+08,1.51E+08,94
chr7,150657808,150657809,rs34657537,20,1,0.052,1,2,8.88E-09,-0.0497,0.0086,A,G,chr7,1.51E+08,1.51E+08,94
chr7,150658678,150658679,rs35760656,11,1,0.056,1,2,7.13E-09,-0.0501,0.0087,A,G,chr7,1.51E+08,1.51E+08,94
chr7,150669867,150669868,rs3778873,18,1,0.071,1,2,8.26E-09,0.0542,0.0094,C,G,chr7,1.51E+08,1.51E+08,94
chr7,150659051,150659052,rs3778874,24,1,0.097,1,2,4.89E-09,-0.0507,0.0087,A,G,chr7,1.51E+08,1.51E+08,94
chr7,150658199,150658200,rs3807376,75,1,0.068,1,2,3.40E-09,0.0513,0.0087,T,C,chr7,1.51E+08,1.51E+08,94
chr7,150657986,150657987,rs3807377,14,1,0.052,1,2,1.51E-07,0.0439,0.0084,A,G,chr7,1.51E+08,1.51E+08,94
chr7,150644394,150644395,rs3815459,8,1,0.073,1,2,3.17E-09,-0.0514,0.0087,T,C,chr7,1.51E+08,1.51E+08,94
chr7,150657890,150657891,rs3823587,25,1,0.052,1,2,6.03E-09,0.0502,0.0086,A,C,chr7,1.51E+08,1.51E+08,94
chr7,150654820,150654821,rs4725385,14,1,0.065,1,2,1.32E-05,0.0334,0.0077,T,C,chr7,1.51E+08,1.51E+08,94
chr7,150660239,150660240,rs4725386,87,1,0.151,2,3,1.07E-07,0.0458,0.0086,T,C,chr7,1.51E+08,1.51E+08,94
chr7,150668514,150668515,rs4725984,29,1,0.131,2,3,1.13E-07,0.0413,0.0078,T,C,chr7,1.51E+08,1.51E+08,94
chr7,150657095,150657096,rs56282717,10,1,0.078,1,2,4.74E-09,0.0511,0.0087,A,G,chr7,1.51E+08,1.51E+08,94
chr7,150657209,150657210,rs6947240,35,1,0.063,1,2,9.82E-09,0.0498,0.0087,A,G,chr7,1.51E+08,1.51E+08,94
chr7,150649603,150649604,rs740952,16,1,0.06,1,2,1.56E-09,-0.0518,0.0086,A,G,chr7,1.51E+08,1.51E+08,94
chr7,150655643,150655644,rs758890,30,1,0.045,1,2,1.12E-05,-0.0337,0.0077,A,G,chr7,1.51E+08,1.51E+08,94
chr7,150655624,150655625,rs758891,37,1,0.051,1,2,9.27E-06,0.0341,0.0077,T,C,chr7,1.51E+08,1.51E+08,94
chr7,150598918,150598919,rs75918780,29,1,0.058,1,2,8.22E-06,0.0475,0.0106,A,G,chr7,1.51E+08,1.51E+08,94
chr7,150661409,150661410,rs7789146,27,1,0.355,2,3,6.51E-10,-0.0571,0.0092,A,G,chr7,1.51E+08,1.51E+08,94
chr7,150661633,150661634,rs7789585,57,1,0.423,2,3,1.03E-09,-0.0565,0.0093,A,G,chr7,1.51E+08,1.51E+08,94
chr8,17929522,17929523,rs11779147,28,1,0.118,2,3,1.08E-06,0.0355,0.0073,T,C,chr8,17694702,17945990,95
chr8,17929114,17929115,rs12546423,9,1,0.058,1,2,1.13E-06,-0.0354,0.0073,T,G,chr8,17694702,17945990,95
chr8,17941237,17941238,rs17126208,25,1,0.394,2,3,5.15E-06,-0.0782,0.0172,C,G,chr8,17694702,17945990,95
chr8,17938574,17938575,rs2283120,15,1,0.062,1,2,3.55E-05,0.03,0.0073,T,C,chr8,17694702,17945990,95
chr8,17925331,17925332,rs6586684,18,1,0.083,1,2,2.71E-05,0.031,0.0074,A,G,chr8,17694702,17945990,95
chr8,17929698,17929699,rs7460890,144,1,0.11,2,3,7.53E-05,-0.0282,0.0071,T,G,chr8,17694702,17945990,95
chr8,21868358,21868359,rs11779558,7,1,0.09,2,3,1.13E-09,0.0434,0.0071,A,C,chr8,21755155,21895070,96
chr8,21777791,21777792,rs35643944,14,1,0.106,2,3,1.16E-12,-0.0871,0.0122,T,C,chr8,21755155,21895070,96
chr8,21777595,21777596,rs4379446,19,1,0.085,1,2,1.67E-09,0.0433,0.0072,C,G,chr8,21755155,21895070,96
chr8,21776681,21776682,rs61494024,25,1,0.209,2,3,1.09E-12,-0.0796,0.0112,A,T,chr8,21755155,21895070,96
chr8,21776751,21776752,rs61649210,17,1,0.272,2,3,1.29E-08,-0.0413,0.0073,A,G,chr8,21755155,21895070,96
chr8,21867834,21867835,rs748350,101,1,0.195,2,3,2.40E-09,0.043,0.0072,A,G,chr8,21755155,21895070,96
chr8,124542519,124542520,rs17337621,59,1,0.073,1,2,2.25E-16,0.1307,0.0159,C,G,chr8,1.24E+08,1.25E+08,97
chr8,124553222,124553223,rs4871385,31,1,0.153,2,3,7.74E-07,0.0445,0.009,C,G,chr8,1.24E+08,1.25E+08,97
chr8,124628869,124628870,rs62520924,5,1,0.122,2,3,1.23E-10,0.0971,0.0151,A,C,chr8,1.24E+08,1.25E+08,97
chr8,124552133,124552134,rs62521287,38,1,0.082,2,3,1.78E-16,0.1219,0.0148,T,C,chr8,1.24E+08,1.25E+08,97
chr8,124554317,124554318,rs62521288,24,1,0.205,2,3,9.79E-16,-0.1215,0.0151,A,T,chr8,1.24E+08,1.25E+08,97
chr8,124529377,124529378,rs7834818,380,1,0.632,3,4,8.55E-05,0.0315,0.008,A,G,chr8,1.24E+08,1.25E+08,97
chr8,124552303,124552304,rs7835298,35,1,0.161,2,3,4.49E-08,0.0392,0.0072,A,G,chr8,1.24E+08,1.25E+08,97
chr8,125859850,125859851,rs34866937,107,1,0.518,2,3,5.80E-09,0.0443,0.0076,A,G,chr8,1.26E+08,1.26E+08,98
chr8,125859817,125859818,rs35006907,58,1,0.46,2,3,2.76E-09,0.0454,0.0076,A,C,chr8,1.26E+08,1.26E+08,98
chr8,142010684,142010685,rs10093977,27,1,0.113,2,3,5.40E-07,-0.0365,0.0073,A,G,chr8,1.42E+08,1.42E+08,100
chr8,142011053,142011054,rs10098028,34,1,0.136,2,3,2.20E-07,0.038,0.0073,C,G,chr8,1.42E+08,1.42E+08,100
chr8,141656155,141656156,rs11166986,26,1,0.066,1,2,3.67E-08,-0.0394,0.0072,A,G,chr8,1.42E+08,1.42E+08,100
chr8,141728474,141728475,rs7839832,14,1,0.073,1,2,8.13E-05,0.0312,0.0079,T,C,chr8,1.42E+08,1.42E+08,100
chr9,97848014,97848015,rs1011784,18,1,0.037,1,2,2.56E-05,-0.0328,0.0078,C,G,chr9,97422533,98132921,102
chr9,97848684,97848685,rs1045276,31,1,0.07,1,2,6.32E-07,0.0424,0.0085,T,C,chr9,97422533,98132921,102
chr9,97844513,97844514,rs10491560,32,1,0.055,1,2,4.40E-07,0.043,0.0085,A,G,chr9,97422533,98132921,102
chr9,97806926,97806927,rs10761370,15,1,0.056,1,2,2.16E-19,0.0655,0.0073,A,T,chr9,97422533,98132921,102
chr9,97853011,97853012,rs10761375,19,1,0.13,2,3,1.04E-05,-0.0372,0.0084,T,C,chr9,97422533,98132921,102
chr9,97713459,97713460,rs10821415,41,1,0.11,2,3,6.06E-36,0.0905,0.0072,A,C,chr9,97422533,98132921,102
chr9,97845505,97845506,rs10821447,24,1,0.055,1,2,3.63E-05,-0.0322,0.0078,A,G,chr9,97422533,98132921,102
chr9,97866383,97866384,rs10821451,20,1,0.05,1,2,3.38E-16,-0.0592,0.0073,A,G,chr9,97422533,98132921,102
chr9,97630827,97630828,rs10993377,14,1,0.06,1,2,1.60E-34,0.0895,0.0073,T,C,chr9,97422533,98132921,102
chr9,97671896,97671897,rs10993390,8,1,0.06,1,2,6.92E-07,-0.0749,0.0151,A,G,chr9,97422533,98132921,102
chr9,97795176,97795177,rs10993460,25,1,0.058,1,2,1.48E-05,0.0546,0.0126,T,C,chr9,97422533,98132921,102
chr9,97807233,97807234,rs10993463,53,1,0.092,1,2,2.34E-33,0.0897,0.0075,T,C,chr9,97422533,98132921,102
chr9,97786816,97786817,rs12339639,45,1,0.06,1,2,2.82E-05,-0.0539,0.0129,T,C,chr9,97422533,98132921,102
chr9,97845737,97845738,rs28626189,39,1,0.069,1,2,4.33E-06,0.0369,0.008,T,C,chr9,97422533,98132921,102
chr9,97543251,97543252,rs356144,59,1,0.126,2,3,1.80E-06,0.1104,0.0231,T,C,chr9,97422533,98132921,102
chr9,97780992,97780993,rs3802455,40,1,0.092,2,3,6.82E-06,-0.0414,0.0092,C,G,chr9,97422533,98132921,102
chr9,97862118,97862119,rs4647558,21,1,0.061,1,2,4.78E-16,-0.0591,0.0073,T,C,chr9,97422533,98132921,102
chr9,97851816,97851817,rs4744442,14,1,0.059,1,2,4.25E-05,0.032,0.0078,T,C,chr9,97422533,98132921,102
chr9,97851883,97851884,rs4744443,21,1,0.059,1,2,3.14E-06,-0.0373,0.008,T,C,chr9,97422533,98132921,102
chr9,97853235,97853236,rs7863582,53,1,0.088,1,2,2.52E-06,0.0398,0.0085,T,C,chr9,97422533,98132921,102
chr9,97845908,97845909,rs7874388,29,1,0.066,1,2,2.73E-05,0.0328,0.0078,T,G,chr9,97422533,98132921,102
chr9,97769434,97769435,rs78887172,19,1,0.072,1,2,7.39E-06,-0.0655,0.0146,C,G,chr9,97422533,98132921,102
chr9,109623074,109623075,rs34529769,31,1,0.1,2,3,2.72E-06,-0.0394,0.0084,C,G,chr9,1.10E+08,1.10E+08,103
chr9,127177736,127177737,rs2236386,81,1,0.296,2,3,9.33E-06,0.0316,0.0071,C,G,chr9,1.27E+08,1.27E+08,104
chr9,127177161,127177162,rs4574,7,1,0,2,3,2.62E-08,0.0401,0.0072,A,G,chr9,1.27E+08,1.27E+08,104
