This study,Assum et al.,Hocker et al.,Ouwerkerk et al. 2020,Ouwerkerk et al. 2019,Selewa et al.,Zhang et al.,sum_overlap,SNPs
1,0,0,0,0,0,0,1,rs3756687
1,0,0,0,0,0,0,1,rs7722600
1,0,0,0,1,1,1,4,rs7612445
1,0,0,0,0,0,1,2,rs7634416
1,0,0,0,0,0,1,2,rs7140396
1,0,1,0,0,1,1,4,rs34969716
1,0,1,0,0,1,1,4,rs12908004
1,0,0,0,1,0,0,2,rs6089753
1,0,0,0,0,0,0,1,rs242557
1,0,0,0,0,0,0,1,rs74045046
1,0,0,0,0,0,0,1,rs56028034
1,0,0,0,1,1,1,4,rs10873298
1,0,0,0,1,0,1,3,rs8181996
1,0,0,0,1,0,1,3,rs10873299
1,0,0,0,1,0,1,3,rs12889775
0,1,0,0,0,0,0,1,rs13028508
0,1,0,0,0,0,0,1,rs10824026
0,1,0,0,0,0,0,1,rs6791611
0,1,0,0,0,0,0,1,rs9327807
0,1,0,0,0,0,0,1,rs159321
0,1,0,0,0,0,0,1,rs1347551
0,1,0,0,0,0,0,1,rs2339798
0,1,0,0,0,0,1,2,rs951366
0,1,0,0,1,0,0,2,rs3740293
0,1,0,0,0,0,0,1,rs12570126
0,0,1,0,0,0,1,2,rs72700114
0,0,1,0,0,1,1,3,rs2834618
0,0,1,0,0,1,1,3,rs7508
0,0,1,0,1,0,1,3,rs2359171
0,0,1,1,1,1,1,5,rs10821415
0,0,1,0,1,1,1,4,rs76097649
0,0,1,0,0,0,1,2,rs55734480
0,0,1,0,0,1,1,3,rs1152591
0,0,1,0,1,1,1,4,rs3176326
0,0,1,0,1,1,1,4,rs7172038
0,0,1,0,1,0,1,3,rs75190942
0,0,1,0,0,0,1,2,rs10753933
0,0,1,0,0,1,1,3,rs1458038
0,0,1,0,1,1,1,4,rs7650482
0,0,1,0,0,0,1,2,rs10804493
0,0,1,0,0,0,1,2,rs72926475
0,0,1,0,0,1,1,3,rs35620480
0,0,1,0,1,0,1,3,rs6598541
0,0,1,0,0,1,1,3,rs35215597
0,0,1,0,1,0,1,3,rs2045172
0,0,1,0,0,0,1,2,rs113819537
0,0,1,0,0,0,1,2,rs73206619
0,0,1,0,1,0,1,3,rs10931898
0,0,1,0,0,1,1,3,rs1565765
0,0,1,0,1,0,1,3,rs17337621
0,0,1,0,1,1,1,4,rs59430691
0,0,1,0,1,1,1,4,rs7166287
0,0,1,0,1,0,1,3,rs9899183
0,0,1,0,0,0,1,2,rs8013209
0,0,1,0,1,0,1,3,rs4757877
0,0,1,0,1,0,1,3,rs10071514
0,0,1,0,1,1,1,4,rs58747679
0,0,1,0,1,0,1,3,rs7789585
0,0,1,0,0,0,1,2,rs12090194
0,0,1,0,1,0,1,3,rs445754
0,0,1,1,1,1,1,5,rs3807989
0,0,1,0,0,1,1,3,rs11938486
0,0,1,0,1,1,1,4,rs6801957
0,0,0,1,0,0,0,1,rs12668473
0,0,0,1,0,0,0,1,rs4744421
0,0,0,1,0,0,0,1,rs680084
0,0,0,1,0,0,0,1,rs34379825
0,0,0,1,0,0,0,1,rs76809100
0,0,0,1,0,0,0,1,rs76749863
0,0,0,1,0,0,0,1,rs74541936
0,0,0,1,0,0,0,1,rs2902635
0,0,0,1,1,0,0,2,rs6495063
0,0,0,1,1,0,0,2,rs6495062
0,0,0,1,0,0,0,1,rs9940321
0,0,0,1,0,0,0,1,rs1218584
0,0,0,1,0,0,0,1,rs1061122
0,0,0,1,0,0,0,1,rs6599220
0,0,0,1,0,0,0,1,rs34292822
0,0,0,1,0,0,0,1,rs9790621
0,0,0,1,0,0,0,1,rs12754189
0,0,0,1,0,0,0,1,rs36088503
0,0,0,1,0,0,0,1,rs10908445
0,0,0,1,0,0,0,1,rs7811851
0,0,0,1,1,0,0,2,rs7430477
0,0,0,1,0,0,0,1,rs7795510
0,0,0,0,1,0,0,1,rs17035646
0,0,0,0,1,0,0,1,rs34071855
0,0,0,0,1,0,0,1,rs682178
0,0,0,0,1,1,0,2,rs880315
0,0,0,0,1,0,0,1,rs191046555
0,0,0,0,1,0,0,1,rs72692291
0,0,0,0,1,0,0,1,rs72694106
0,0,0,0,1,0,0,1,rs72696107
0,0,0,0,1,0,0,1,rs72696108
0,0,0,0,1,0,0,1,rs72696110
0,0,0,0,1,0,0,1,rs10857911
0,0,0,0,1,0,0,1,rs4838926
0,0,0,0,1,0,0,1,rs528779
0,0,0,0,1,0,0,1,rs61788876
0,0,0,0,1,0,0,1,rs6682872
0,0,0,0,1,0,0,1,rs71513979
0,0,0,0,1,0,0,1,rs3810998
0,0,0,0,1,0,0,1,rs4074536
0,0,0,0,1,0,0,1,rs4075008
0,0,0,0,1,0,0,1,rs4484922
0,0,0,0,1,0,0,1,rs6693356
0,0,0,0,1,0,0,1,rs9428221
0,0,0,0,1,0,0,1,rs10465885
0,0,0,0,1,0,0,1,rs76831084
0,0,0,0,1,0,0,1,rs1109815
0,0,0,0,1,0,0,1,rs11264291
0,0,0,0,1,0,0,1,rs12087657
0,0,0,0,1,0,0,1,rs150107452
0,0,0,0,1,0,0,1,rs1870940
0,0,0,0,1,0,0,1,rs2242194
0,0,0,0,1,0,0,1,rs2242195
0,0,0,0,1,0,0,1,rs2306125
0,0,0,0,1,0,0,1,rs34195153
0,0,0,0,1,0,0,1,rs41264249
0,0,0,0,1,0,0,1,rs4845401
0,0,0,0,1,0,0,1,rs4845618
0,0,0,0,1,0,0,1,rs4845693
0,0,0,0,1,0,0,1,rs4845694
0,0,0,0,1,0,0,1,rs58629129
0,0,0,0,1,0,0,1,rs61811895
0,0,0,0,1,0,0,1,rs6427658
0,0,0,0,1,0,0,1,rs6673081
0,0,0,0,1,0,0,1,rs6687726
0,0,0,0,1,0,0,1,rs71628639
0,0,0,0,1,0,0,1,rs72702224
0,0,0,0,1,0,0,1,rs7518199
0,0,0,0,1,0,0,1,rs7549250
0,0,0,0,1,0,0,1,rs7549338
0,0,0,0,1,0,0,1,rs7553796
0,0,0,0,1,0,0,1,rs77982133
0,0,0,0,1,0,0,1,rs78266397
0,0,0,0,1,0,0,1,rs877343
0,0,0,0,1,0,0,1,rs16863397
0,0,0,0,1,0,0,1,rs28538985
0,0,0,0,1,0,0,1,rs659580
0,0,0,0,1,0,0,1,rs72705052
0,0,0,0,1,0,0,1,rs72705060
0,0,0,0,1,0,0,1,rs76411981
0,0,0,0,1,0,0,1,rs1105455
0,0,0,0,1,0,0,1,rs17508924
0,0,0,0,1,0,0,1,rs1874143
0,0,0,0,1,0,0,1,rs3737881
0,0,0,0,1,0,0,1,rs74789139
0,0,0,0,1,0,0,1,rs12047038
0,0,0,0,1,0,0,1,rs7536483
0,0,0,0,1,0,0,1,rs823114
0,0,0,0,1,0,0,1,rs1061259
0,0,0,0,1,0,0,1,rs10761732
0,0,0,0,1,0,0,1,rs12218613
0,0,0,0,1,0,0,1,rs1579045
0,0,0,0,1,0,0,1,rs36000532
0,0,0,0,1,0,0,1,rs7075901
0,0,0,0,1,0,0,1,rs11000727
0,0,0,0,1,0,0,1,rs11000728
0,0,0,0,1,0,0,1,rs11000777
0,0,0,0,1,0,0,1,rs11000801
0,0,0,0,1,0,0,1,rs11814282
0,0,0,0,1,0,0,1,rs12247028
0,0,0,0,1,0,0,1,rs12264025
0,0,0,0,1,0,0,1,rs12572278
0,0,0,0,1,0,0,1,rs12573448
0,0,0,0,1,0,0,1,rs12775558
0,0,0,0,1,0,0,1,rs2177843
0,0,0,0,1,0,0,1,rs2271908
0,0,0,0,1,0,0,1,rs2306328
0,0,0,0,1,0,0,1,rs28553894
0,0,0,0,1,0,0,1,rs28718766
0,0,0,0,1,0,0,1,rs28736827
0,0,0,0,1,0,0,1,rs34163229
0,0,0,0,1,0,0,1,rs3812629
0,0,0,0,1,0,0,1,rs3843939
0,0,0,0,1,0,0,1,rs41280404
0,0,0,0,1,0,0,1,rs4745718
0,0,0,0,1,0,0,1,rs4746139
0,0,0,0,1,0,1,2,rs60212594
0,0,0,0,1,1,1,3,rs60632610
0,0,0,0,1,0,0,1,rs60820984
0,0,0,0,1,0,0,1,rs7076585
0,0,0,0,1,0,0,1,rs7080579
0,0,0,0,1,0,0,1,rs79936644
0,0,0,0,1,0,0,1,rs9664184
0,0,0,0,1,0,0,1,rs9664186
0,0,0,0,1,0,0,1,rs11191203
0,0,0,0,1,0,0,1,rs12413444
0,0,0,0,1,0,0,1,rs1541046
0,0,0,0,1,0,0,1,rs2281983
0,0,0,0,1,0,0,1,rs3781299
0,0,0,0,1,0,0,1,rs61382490
0,0,0,0,1,0,0,1,rs61874768
0,0,0,0,1,1,0,2,rs9664049
0,0,0,0,1,0,0,1,rs10466138
0,0,0,0,1,0,0,1,rs10748848
0,0,0,0,1,0,0,1,rs10786775
0,0,0,0,1,0,0,1,rs10883906
0,0,0,0,1,0,0,1,rs10883922
0,0,0,0,1,0,0,1,rs10883928
0,0,0,0,1,0,0,1,rs1107300
0,0,0,0,1,0,0,1,rs11191753
0,0,0,0,1,0,0,1,rs11191797
0,0,0,0,1,0,0,1,rs11191801
0,0,0,0,1,0,0,1,rs11191804
0,0,0,0,1,0,0,1,rs11191805
0,0,0,0,1,0,0,1,rs11191821
0,0,0,0,1,0,0,1,rs11191822
0,0,0,0,1,0,0,1,rs11191829
0,0,0,0,1,0,0,1,rs11592714
0,0,0,0,1,0,0,1,rs11592750
0,0,0,0,1,0,0,1,rs11598294
0,0,0,0,1,0,0,1,rs117975133
0,0,0,0,1,0,0,1,rs12766741
0,0,0,0,1,0,0,1,rs12779135
0,0,0,0,1,0,0,1,rs145978079
0,0,0,0,1,0,0,1,rs17115849
0,0,0,0,1,0,0,1,rs35176054
0,0,0,0,1,0,0,1,rs3781339
0,0,0,0,1,0,0,1,rs4387287
0,0,0,0,1,0,0,1,rs60203807
0,0,0,0,1,0,0,1,rs61870178
0,0,0,0,1,0,0,1,rs7068070
0,0,0,0,1,0,0,1,rs72815789
0,0,0,0,1,0,0,1,rs72847518
0,0,0,0,1,0,0,1,rs73340551
0,0,0,0,1,0,0,1,rs77705594
0,0,0,0,1,0,0,1,rs7900994
0,0,0,0,1,0,0,1,rs7906955
0,0,0,0,1,0,0,1,rs7910092
0,0,0,0,1,0,0,1,rs9663414
0,0,0,0,1,0,0,1,rs10766613
0,0,0,0,1,0,0,1,rs10766614
0,0,0,0,1,0,0,1,rs1442713
0,0,0,0,1,0,0,1,rs17614100
0,0,0,0,1,0,0,1,rs1822273
0,0,0,0,1,0,0,1,rs2252099
0,0,0,0,1,0,0,1,rs2625322
0,0,0,0,1,0,0,1,rs7111951
0,0,0,0,1,0,0,1,rs1893840
0,0,0,0,1,0,0,1,rs1893841
0,0,0,0,1,0,0,1,rs111927325
0,0,0,0,1,0,0,1,rs11221500
0,0,0,0,1,0,0,1,rs1940455
0,0,0,0,1,0,0,1,rs2604212
0,0,0,0,1,0,0,1,rs79963032
0,0,0,0,1,0,0,1,rs117898821
0,0,0,0,1,0,0,1,rs2291437
0,0,0,0,1,0,0,1,rs2291438
0,0,0,0,1,0,0,1,rs78518764
0,0,0,0,1,0,0,1,rs16920304
0,0,0,0,1,0,0,1,rs16920307
0,0,0,0,1,0,0,1,rs34321778
0,0,0,0,1,0,0,1,rs1107479
0,0,0,0,1,0,0,1,rs2255074
0,0,0,0,1,0,0,1,rs2958153
0,0,0,0,1,0,0,1,rs3214051
0,0,0,0,1,0,0,1,rs941207
0,0,0,0,1,0,0,1,rs11177731
0,0,0,0,1,0,0,1,rs221070
0,0,0,0,1,0,0,1,rs4761254
0,0,0,0,1,0,0,1,rs775419
0,0,0,0,1,0,0,1,rs775506
0,0,0,0,1,0,0,1,rs1248054
0,0,0,0,1,0,0,1,rs150524061
0,0,0,0,1,0,0,1,rs2295233
0,0,0,0,1,0,0,1,rs56267344
0,0,0,0,1,0,0,1,rs7957609
0,0,0,0,1,0,0,1,rs79733928
0,0,0,0,1,0,0,1,rs11835839
0,0,0,0,1,0,0,1,rs12823740
0,0,0,0,1,0,0,1,rs34180676
0,0,0,0,1,0,0,1,rs7978610
0,0,0,0,1,0,0,1,rs12147570
0,0,0,0,1,0,0,1,rs12894524
0,0,0,0,1,0,0,1,rs178636
0,0,0,0,1,0,0,1,rs178638
0,0,0,0,1,0,0,1,rs2277474
0,0,0,0,1,0,0,1,rs2277475
0,0,0,0,1,0,0,1,rs2284651
0,0,0,0,1,0,0,1,rs2331979
0,0,0,0,1,1,1,3,rs28631169
0,0,0,0,1,0,1,2,rs365990
0,0,0,0,1,0,0,1,rs3729825
0,0,0,0,1,0,0,1,rs3729828
0,0,0,0,1,0,0,1,rs3729829
0,0,0,0,1,0,0,1,rs3729833
0,0,0,0,1,0,0,1,rs376439
0,0,0,0,1,0,0,1,rs388914
0,0,0,0,1,0,0,1,rs403720
0,0,0,0,1,0,0,1,rs403739
0,0,0,0,1,0,0,1,rs412768
0,0,0,0,1,0,1,2,rs422068
0,0,0,0,1,0,0,1,rs432256
0,0,0,0,1,0,0,1,rs433673
0,0,0,0,1,0,0,1,rs439735
0,0,0,0,1,0,0,1,rs440466
0,0,0,0,1,0,0,1,rs451794
0,0,0,0,1,0,0,1,rs452036
0,0,0,0,1,0,0,1,rs453361
0,0,0,0,1,0,0,1,rs7140721
0,0,0,0,1,0,0,1,rs7143356
0,0,0,0,1,0,0,1,rs7145023
0,0,0,0,1,0,0,1,rs7145543
0,0,0,0,1,0,0,1,rs7149517
0,0,0,0,1,0,0,1,rs723840
0,0,0,0,1,0,0,1,rs74037001
0,0,0,0,1,0,0,1,rs75246323
0,0,0,0,1,0,0,1,rs76324036
0,0,0,0,1,0,0,1,rs765020
0,0,0,0,1,0,0,1,rs765021
0,0,0,0,1,0,0,1,rs77265383
0,0,0,0,1,0,0,1,rs8022522
0,0,0,0,1,0,0,1,rs9788443
0,0,0,0,1,0,0,1,rs1957022
0,0,0,0,1,0,0,1,rs4329831
0,0,0,0,1,0,0,1,rs10141892
0,0,0,0,1,0,0,1,rs11624278
0,0,0,0,1,0,0,1,rs117211470
0,0,0,0,1,0,0,1,rs17525727
0,0,0,0,1,0,0,1,rs8005011
0,0,0,0,1,0,0,1,rs8005490
0,0,0,0,1,0,0,1,rs9491
0,0,0,0,1,0,0,1,rs1076991
0,0,0,0,1,0,0,1,rs1152590
0,0,0,0,1,0,0,1,rs1152592
0,0,0,0,1,0,0,1,rs1152593
0,0,0,0,1,0,0,1,rs1152601
0,0,0,0,1,0,0,1,rs12435376
0,0,0,0,1,0,0,1,rs1271572
0,0,0,0,1,0,0,1,rs17179404
0,0,0,0,1,0,0,1,rs2781379
0,0,0,0,1,0,0,1,rs35020344
0,0,0,0,1,0,0,1,rs7148637
0,0,0,0,1,0,0,1,rs79398136
0,0,0,0,1,0,0,1,rs79988539
0,0,0,0,1,0,0,1,rs6574341
0,0,0,0,1,0,0,1,rs6574343
0,0,0,0,1,0,0,1,rs75851851
0,0,0,0,1,0,0,1,rs62012782
0,0,0,0,1,0,0,1,rs745636
0,0,0,0,1,0,0,1,rs59322618
0,0,0,0,1,0,0,1,rs7174643
0,0,0,0,1,0,0,1,rs7178084
0,0,0,0,1,0,0,1,rs74743553
0,0,0,0,1,0,0,1,rs75372618
0,0,0,0,1,0,0,1,rs75952618
0,0,0,0,1,0,0,1,rs76495120
0,0,0,0,1,0,0,1,rs77688257
0,0,0,0,1,0,0,1,rs11633294
0,0,0,0,1,0,0,1,rs11633717
0,0,0,0,1,0,0,1,rs11634241
0,0,0,0,1,0,0,1,rs2018860
0,0,0,0,1,0,0,1,rs55686521
0,0,0,0,1,0,0,1,rs62024488
0,0,0,0,1,0,0,1,rs7174918
0,0,0,0,1,0,0,1,rs875686
0,0,0,0,1,0,0,1,rs907799
0,0,0,0,1,0,0,1,rs11642940
0,0,0,0,1,0,0,1,rs11643780
0,0,0,0,1,1,1,3,rs140185678
0,0,0,0,1,0,0,1,rs2286466
0,0,0,0,1,0,0,1,rs2302176
0,0,0,0,1,0,0,1,rs2302177
0,0,0,0,1,0,0,1,rs2815301
0,0,0,0,1,0,0,1,rs397435
0,0,0,0,1,0,0,1,rs397460
0,0,0,0,1,0,0,1,rs403609
0,0,0,0,1,0,0,1,rs4786902
0,0,0,0,1,0,0,1,rs6366
0,0,0,0,1,0,0,1,rs758335
0,0,0,0,1,0,0,1,rs1429434
0,0,0,0,1,0,0,1,rs1548374
0,0,0,0,1,0,0,1,rs1858801
0,0,0,0,1,0,0,1,rs2229290
0,0,0,0,1,0,0,1,rs4499262
0,0,0,0,1,0,0,1,rs58563212
0,0,0,0,1,0,0,1,rs60602157
0,0,0,0,1,0,0,1,rs72626185
0,0,0,0,1,0,0,1,rs74030210
0,0,0,0,1,0,0,1,rs78053786
0,0,0,0,1,0,0,1,rs9302644
0,0,0,0,1,0,0,1,rs11078680
0,0,0,0,1,0,0,1,rs111259369
0,0,0,0,1,0,0,1,rs2241234
0,0,0,0,1,0,0,1,rs2302763
0,0,0,0,1,0,0,1,rs3853894
0,0,0,0,1,0,0,1,rs3867594
0,0,0,0,1,0,0,1,rs4151125
0,0,0,0,1,0,0,1,rs4384652
0,0,0,0,1,0,0,1,rs4796420
0,0,0,0,1,0,0,1,rs4796421
0,0,0,0,1,0,0,1,rs4796422
0,0,0,0,1,0,0,1,rs4796424
0,0,0,0,1,0,0,1,rs4968214
0,0,0,0,1,0,0,1,rs55894190
0,0,0,0,1,0,0,1,rs59665520
0,0,0,0,1,0,0,1,rs66616380
0,0,0,0,1,0,0,1,rs71369605
0,0,0,0,1,0,0,1,rs7210292
0,0,0,0,1,0,0,1,rs7216490
0,0,0,0,1,0,0,1,rs7216801
0,0,0,0,1,0,0,1,rs77711855
0,0,0,0,1,0,0,1,rs78744936
0,0,0,0,1,0,0,1,rs80067372
0,0,0,0,1,0,0,1,rs8082166
0,0,0,0,1,0,0,1,rs9891297
0,0,0,0,1,0,0,1,rs9901900
0,0,0,0,1,0,0,1,rs9908763
0,0,0,0,1,0,0,1,rs9909568
0,0,0,0,1,0,0,1,rs11079733
0,0,0,0,1,0,0,1,rs17661027
0,0,0,0,1,0,0,1,rs2696633
0,0,0,0,1,0,0,1,rs546821167
0,0,0,0,1,0,0,1,rs547806751
0,0,0,0,1,0,0,1,rs555719522
0,0,0,0,1,0,0,1,rs62060947
0,0,0,0,1,0,0,1,rs2337143
0,0,0,0,1,0,0,1,rs9676236
0,0,0,0,1,1,1,3,rs9953366
0,0,0,0,1,0,0,1,rs1880866
0,0,0,0,1,0,0,1,rs2600665
0,0,0,0,1,0,0,1,rs3087898
0,0,0,0,1,0,0,1,rs3771258
0,0,0,0,1,0,0,1,rs3856521
0,0,0,0,1,0,0,1,rs3856522
0,0,0,0,1,0,0,1,rs746032
0,0,0,0,1,0,0,1,rs9309336
0,0,0,0,1,0,0,1,rs12713532
0,0,0,0,1,0,0,1,rs13012648
0,0,0,0,1,0,0,1,rs2302647
0,0,0,0,1,0,0,1,rs2723086
0,0,0,0,1,0,0,1,rs35925158
0,0,0,0,1,0,0,1,rs61758848
0,0,0,0,1,0,0,1,rs11692018
0,0,0,0,1,0,0,1,rs12617812
0,0,0,0,1,0,0,1,rs12713688
0,0,0,0,1,0,0,1,rs12989257
0,0,0,0,1,0,0,1,rs13012197
0,0,0,0,1,0,0,1,rs2278932
0,0,0,0,1,0,0,1,rs2278933
0,0,0,0,1,0,0,1,rs3732266
0,0,0,0,1,0,0,1,rs62151166
0,0,0,0,1,0,0,1,rs6708331
0,0,0,0,1,0,0,1,rs6743372
0,0,0,0,1,0,0,1,rs7424572
0,0,0,0,1,0,0,1,rs75466549
0,0,0,0,1,0,0,1,rs7585413
0,0,0,0,1,0,0,1,rs111226991
0,0,0,0,1,0,0,1,rs17027296
0,0,0,0,1,0,0,1,rs2367231
0,0,0,0,1,0,0,1,rs6547672
0,0,0,0,1,0,0,1,rs6710780
0,0,0,0,1,0,0,1,rs6754021
0,0,0,0,1,0,0,1,rs7419344
0,0,0,0,1,0,0,1,rs76085553
0,0,0,0,1,0,0,1,rs12053113
0,0,0,0,1,0,0,1,rs897172
0,0,0,0,1,0,0,1,rs13002156
0,0,0,0,1,0,0,1,rs74173160
0,0,0,0,1,0,0,1,rs12470905
0,0,0,0,1,0,0,1,rs12693162
0,0,0,0,1,0,0,1,rs12998857
0,0,0,0,1,0,0,1,rs13005601
0,0,0,0,1,0,0,1,rs16866465
0,0,0,0,1,0,0,1,rs17076
0,0,0,0,1,0,0,1,rs1883084
0,0,0,0,1,0,0,1,rs2046778
0,0,0,0,1,0,0,1,rs2288569
0,0,0,0,1,0,0,1,rs2306636
0,0,0,0,1,0,0,1,rs2562839
0,0,0,0,1,0,0,1,rs2627040
0,0,0,0,1,0,0,1,rs2627041
0,0,0,0,1,0,0,1,rs2742347
0,0,0,0,1,0,0,1,rs2742357
0,0,0,0,1,0,0,1,rs35813871
0,0,0,0,1,0,1,2,rs3731746
0,0,0,0,1,0,0,1,rs3769860
0,0,0,0,1,0,0,1,rs3829747
0,0,0,0,1,0,0,1,rs62175451
0,0,0,0,1,0,0,1,rs62176572
0,0,0,0,1,0,0,1,rs62178978
0,0,0,0,1,0,0,1,rs66677602
0,0,0,0,1,0,0,1,rs6715901
0,0,0,0,1,0,0,1,rs72647839
0,0,0,0,1,0,0,1,rs72647889
0,0,0,0,1,0,0,1,rs72648907
0,0,0,0,1,0,0,1,rs72648998
0,0,0,0,1,0,0,1,rs7597154
0,0,0,0,1,0,0,1,rs77690739
0,0,0,0,1,0,0,1,rs77903023
0,0,0,0,1,0,0,1,rs79595351
0,0,0,0,1,0,0,1,rs12614621
0,0,0,0,1,0,0,1,rs12618057
0,0,0,0,1,0,0,1,rs281766
0,0,0,0,1,0,0,1,rs2949006
0,0,0,0,1,0,0,1,rs295114
0,0,0,0,1,0,0,1,rs3739121
0,0,0,0,1,0,0,1,rs67190025
0,0,0,0,1,0,0,1,rs74853338
0,0,0,0,1,0,0,1,rs7580924
0,0,0,0,1,0,0,1,rs11699886
0,0,0,0,1,0,0,1,rs12479469
0,0,0,0,1,0,0,1,rs12624794
0,0,0,0,1,0,0,1,rs13040413
0,0,0,0,1,0,0,1,rs13040566
0,0,0,0,1,0,0,1,rs13040569
0,0,0,0,1,0,0,1,rs13040737
0,0,0,0,1,0,0,1,rs28503365
0,0,0,0,1,0,0,1,rs28720071
0,0,0,0,1,0,0,1,rs34948866
0,0,0,0,1,0,0,1,rs35290528
0,0,0,0,1,0,0,1,rs3934574
0,0,0,0,1,0,0,1,rs4072474
0,0,0,0,1,0,0,1,rs4508677
0,0,0,0,1,0,0,1,rs45547937
0,0,0,0,1,0,0,1,rs4637207
0,0,0,0,1,0,0,1,rs56051682
0,0,0,0,1,0,0,1,rs6062248
0,0,0,0,1,0,0,1,rs6062267
0,0,0,0,1,0,0,1,rs6062277
0,0,0,0,1,0,0,1,rs6062278
0,0,0,0,1,0,0,1,rs6089741
0,0,0,0,1,0,0,1,rs6089750
0,0,0,0,1,0,0,1,rs6089752
0,0,0,0,1,0,0,1,rs6122008
0,0,0,0,1,0,0,1,rs6122009
0,0,0,0,1,0,0,1,rs6122011
0,0,0,0,1,0,0,1,rs6122013
0,0,0,0,1,0,0,1,rs6122018
0,0,0,0,1,0,0,1,rs6143038
0,0,0,0,1,0,0,1,rs6143043
0,0,0,0,1,0,0,1,rs6143044
0,0,0,0,1,0,0,1,rs6143046
0,0,0,0,1,0,0,1,rs6143048
0,0,0,0,1,0,0,1,rs6143050
0,0,0,0,1,0,0,1,rs6143053
0,0,0,0,1,0,0,1,rs6143057
0,0,0,0,1,0,0,1,rs6143058
0,0,0,0,1,0,0,1,rs8122282
0,0,0,0,1,0,0,1,rs361834
0,0,0,0,1,0,0,1,rs362043
0,0,0,0,1,0,0,1,rs423710
0,0,0,0,1,0,0,1,rs436590
0,0,0,0,1,0,0,1,rs448184
0,0,0,0,1,1,1,3,rs464901
0,0,0,0,1,0,0,1,rs10460973
0,0,0,0,1,0,0,1,rs12631514
0,0,0,0,1,0,0,1,rs13069077
0,0,0,0,1,0,0,1,rs1969154
0,0,0,0,1,0,0,1,rs1985428
0,0,0,0,1,0,0,1,rs2255648
0,0,0,0,1,0,0,1,rs2255655
0,0,0,0,1,0,0,1,rs2450855
0,0,0,0,1,0,0,1,rs2450857
0,0,0,0,1,0,0,1,rs2596831
0,0,0,0,1,0,0,1,rs3732675
0,0,0,0,1,0,0,1,rs3806661
0,0,0,0,1,0,0,1,rs3821611
0,0,0,0,1,0,0,1,rs4535210
0,0,0,0,1,0,0,1,rs55692304
0,0,0,0,1,0,0,1,rs6766744
0,0,0,0,1,0,0,1,rs6799179
0,0,0,0,1,0,0,1,rs904453
0,0,0,0,1,0,0,1,rs9809596
0,0,0,0,1,0,0,1,rs9817646
0,0,0,0,1,0,0,1,rs9818046
0,0,0,0,1,0,0,1,rs9837573
0,0,0,0,1,0,0,1,rs9850960
0,0,0,0,1,0,0,1,rs9864539
0,0,0,0,1,0,0,1,rs9864848
0,0,0,0,1,0,0,1,rs9865381
0,0,0,0,1,0,0,1,rs9865548
0,0,0,0,1,0,0,1,rs9881832
0,0,0,0,1,0,0,1,rs114549077
0,0,0,0,1,0,0,1,rs12490047
0,0,0,0,1,0,0,1,rs12497866
0,0,0,0,1,0,0,1,rs35231307
0,0,0,0,1,0,0,1,rs3922843
0,0,0,0,1,0,0,1,rs3922844
0,0,0,0,1,0,0,1,rs4073796
0,0,0,0,1,0,0,1,rs4076737
0,0,0,0,1,0,0,1,rs41312411
0,0,0,0,1,0,0,1,rs41315485
0,0,0,0,1,0,0,1,rs55880069
0,0,0,0,1,0,0,1,rs56283404
0,0,0,0,1,0,0,1,rs62239356
0,0,0,0,1,0,0,1,rs62245110
0,0,0,0,1,0,0,1,rs6771881
0,0,0,0,1,0,0,1,rs6772989
0,0,0,0,1,0,0,1,rs6773055
0,0,0,0,1,0,0,1,rs6773076
0,0,0,0,1,0,0,1,rs6781009
0,0,0,0,1,0,0,1,rs6795970
0,0,0,0,1,0,0,1,rs6799257
0,0,0,0,1,0,0,1,rs71323670
0,0,0,0,1,0,0,1,rs7373492
0,0,0,0,1,0,0,1,rs9856387
0,0,0,0,1,0,0,1,rs9880327
0,0,0,0,1,0,0,1,rs9990137
0,0,0,0,1,0,0,1,rs2013627
0,0,0,0,1,0,0,1,rs6549120
0,0,0,0,1,0,0,1,rs7626079
0,0,0,0,1,0,0,1,rs940040
0,0,0,0,1,0,0,1,rs13063024
0,0,0,0,1,0,0,1,rs13317985
0,0,0,0,1,0,0,1,rs1994731
0,0,0,0,1,0,0,1,rs529159
0,0,0,0,1,0,0,1,rs55954252
0,0,0,0,1,0,0,1,rs67396907
0,0,0,0,1,0,0,1,rs73228518
0,0,0,0,1,0,0,1,rs73228521
0,0,0,0,1,0,0,1,rs9836042
0,0,0,0,1,0,0,1,rs9851613
0,0,0,0,1,0,0,1,rs4855074
0,0,0,0,1,0,0,1,rs7611674
0,0,0,0,1,0,0,1,rs11711813
0,0,0,0,1,0,0,1,rs1630029
0,0,0,0,1,0,0,1,rs1718406
0,0,0,0,1,0,0,1,rs10516200
0,0,0,0,1,0,0,1,rs10939702
0,0,0,0,1,0,0,1,rs10939708
0,0,0,0,1,0,0,1,rs11732818
0,0,0,0,1,0,0,1,rs12499240
0,0,0,0,1,0,0,1,rs12500400
0,0,0,0,1,0,0,1,rs12502958
0,0,0,0,1,0,0,1,rs12640611
0,0,0,0,1,0,0,1,rs12640764
0,0,0,0,1,0,0,1,rs12640847
0,0,0,0,1,0,0,1,rs16868326
0,0,0,0,1,0,0,1,rs2241469
0,0,0,0,1,0,0,1,rs2241472
0,0,0,0,1,0,0,1,rs2241473
0,0,0,0,1,0,0,1,rs2241475
0,0,0,0,1,0,0,1,rs2241476
0,0,0,0,1,0,0,1,rs2241477
0,0,0,0,1,0,0,1,rs2241478
0,0,0,0,1,0,0,1,rs2241484
0,0,0,0,1,0,0,1,rs2241486
0,0,0,0,1,0,0,1,rs2241488
0,0,0,0,1,0,0,1,rs34104130
0,0,0,0,1,0,0,1,rs34893238
0,0,0,0,1,0,0,1,rs35411989
0,0,0,0,1,0,0,1,rs35758343
0,0,0,0,1,0,0,1,rs3756224
0,0,0,0,1,0,0,1,rs3756226
0,0,0,0,1,0,0,1,rs3796818
0,0,0,0,1,0,0,1,rs3796821
0,0,0,0,1,0,0,1,rs3796822
0,0,0,0,1,0,0,1,rs3796823
0,0,0,0,1,0,0,1,rs3796825
0,0,0,0,1,0,0,1,rs3796826
0,0,0,0,1,0,0,1,rs3806816
0,0,0,0,1,0,0,1,rs3822239
0,0,0,0,1,0,0,1,rs3822245
0,0,0,0,1,0,0,1,rs3822246
0,0,0,0,1,0,0,1,rs3822248
0,0,0,0,1,0,0,1,rs3822249
0,0,0,0,1,0,0,1,rs3822259
0,0,0,0,1,0,0,1,rs4140694
0,0,0,0,1,0,0,1,rs4697704
0,0,0,0,1,0,0,1,rs4697706
0,0,0,0,1,0,0,1,rs4697917
0,0,0,0,1,0,0,1,rs4697921
0,0,0,0,1,0,0,1,rs4697922
0,0,0,0,1,0,0,1,rs4697923
0,0,0,0,1,0,0,1,rs55817941
0,0,0,0,1,0,0,1,rs55848383
0,0,0,0,1,0,0,1,rs56146302
0,0,0,0,1,0,0,1,rs58099252
0,0,0,0,1,0,0,1,rs62286326
0,0,0,0,1,0,0,1,rs62286327
0,0,0,0,1,0,0,1,rs62288891
0,0,0,0,1,0,0,1,rs6830786
0,0,0,0,1,0,0,1,rs73212853
0,0,0,0,1,0,0,1,rs73212863
0,0,0,0,1,0,0,1,rs73212864
0,0,0,0,1,0,0,1,rs73212886
0,0,0,0,1,0,0,1,rs73212889
0,0,0,0,1,0,0,1,rs73212890
0,0,0,0,1,0,0,1,rs73212891
0,0,0,0,1,0,0,1,rs735527
0,0,0,0,1,0,0,1,rs7685806
0,0,0,0,1,0,0,1,rs79835095
0,0,0,0,1,0,0,1,rs223332
0,0,0,0,1,0,0,1,rs223333
0,0,0,0,1,0,0,1,rs223385
0,0,0,0,1,0,0,1,rs223386
0,0,0,0,1,0,0,1,rs223387
0,0,0,0,1,0,0,1,rs223388
0,0,0,0,1,0,0,1,rs223389
0,0,0,0,1,0,0,1,rs223390
0,0,0,0,1,0,0,1,rs223391
0,0,0,0,1,0,0,1,rs223496
0,0,0,0,1,0,0,1,rs223497
0,0,0,0,1,0,0,1,rs2278782
0,0,0,0,1,0,0,1,rs2595104
0,0,0,0,1,0,0,1,rs2739200
0,0,0,0,1,0,0,1,rs10027475
0,0,0,0,1,0,0,1,rs13435037
0,0,0,0,1,0,0,1,rs17676286
0,0,0,0,1,0,0,1,rs5520
0,0,0,0,1,0,0,1,rs62332389
0,0,0,0,1,0,0,1,rs73853999
0,0,0,0,1,0,0,1,rs10024737
0,0,0,0,1,0,0,1,rs10520260
0,0,0,0,1,0,0,1,rs12644553
0,0,0,0,1,0,0,1,rs17059515
0,0,0,0,1,0,0,1,rs17059519
0,0,0,0,1,0,0,1,rs17059524
0,0,0,0,1,0,0,1,rs17059534
0,0,0,0,1,0,0,1,rs17059552
0,0,0,0,1,0,0,1,rs2044088
0,0,0,0,1,0,0,1,rs2119788
0,0,0,0,1,0,0,1,rs2276940
0,0,0,0,1,0,0,1,rs3775588
0,0,0,0,1,0,0,1,rs4146856
0,0,0,0,1,0,0,1,rs6853119
0,0,0,0,1,0,0,1,rs75437955
0,0,0,0,1,0,0,1,rs76474551
0,0,0,0,1,0,0,1,rs7686033
0,0,0,0,1,0,0,1,rs78164752
0,0,0,0,1,0,0,1,rs79124154
0,0,0,0,1,0,0,1,rs79129723
0,0,0,0,1,0,0,1,rs79467406
0,0,0,0,1,0,0,1,rs80073944
0,0,0,0,1,0,0,1,rs894281
0,0,0,0,1,0,0,1,rs72801831
0,0,0,0,1,0,0,1,rs1042124
0,0,0,0,1,0,0,1,rs17171584
0,0,0,0,1,0,0,1,rs17171770
0,0,0,0,1,0,0,1,rs17171772
0,0,0,0,1,0,0,1,rs2107675
0,0,0,0,1,0,0,1,rs2277067
0,0,0,0,1,0,0,1,rs34291637
0,0,0,0,1,0,0,1,rs3756765
0,0,0,0,1,0,0,1,rs3813321
0,0,0,0,1,0,0,1,rs55803185
0,0,0,0,1,0,0,1,rs56109915
0,0,0,0,1,0,0,1,rs56210945
0,0,0,0,1,0,0,1,rs56316522
0,0,0,0,1,0,0,1,rs56366217
0,0,0,0,1,0,0,1,rs62380929
0,0,0,0,1,0,0,1,rs6861656
0,0,0,0,1,0,0,1,rs73298155
0,0,0,0,1,0,0,1,rs77085797
0,0,0,0,1,0,0,1,rs7729926
0,0,0,0,1,0,0,1,rs982085
0,0,0,0,1,0,0,1,rs10482614
0,0,0,0,1,0,0,1,rs258752
0,0,0,0,1,0,0,1,rs12514371
0,0,0,0,1,0,0,1,rs2277923
0,0,0,0,1,0,0,1,rs2339832
0,0,0,0,1,0,0,1,rs28199
0,0,0,0,1,0,0,1,rs29784
0,0,0,0,1,0,0,1,rs29785
0,0,0,0,1,0,0,1,rs3095872
0,0,0,0,1,0,0,1,rs3095873
0,0,0,0,1,0,0,1,rs3132138
0,0,0,0,1,0,0,1,rs3132139
0,0,0,0,1,0,0,1,rs39796
0,0,0,0,1,0,0,1,rs6874428
0,0,0,0,1,0,0,1,rs7701353
0,0,0,0,1,0,0,1,rs9313620
0,0,0,0,1,0,0,1,rs214514
0,0,0,0,1,0,0,1,rs9371051
0,0,0,0,1,0,0,1,rs9396858
0,0,0,0,1,0,0,1,rs3176323
0,0,0,0,1,0,0,1,rs1753152
0,0,0,0,1,0,0,1,rs1753153
0,0,0,0,1,0,0,1,rs1753154
0,0,0,0,1,0,0,1,rs2257153
0,0,0,0,1,0,0,1,rs2474349
0,0,0,0,1,0,0,1,rs374792
0,0,0,0,1,0,0,1,rs379455
0,0,0,0,1,0,0,1,rs385210
0,0,0,0,1,0,0,1,rs446851
0,0,0,0,1,0,0,1,rs447077
0,0,0,0,1,0,0,1,rs58785365
0,0,0,0,1,0,0,1,rs6454588
0,0,0,0,1,0,0,1,rs9362398
0,0,0,0,1,0,0,1,rs9450624
0,0,0,0,1,0,0,1,rs9450751
0,0,0,0,1,0,0,1,rs138240393
0,0,0,0,1,0,0,1,rs210621
0,0,0,0,1,0,0,1,rs9489217
0,0,0,0,1,0,0,1,rs10457327
0,0,0,0,1,0,0,1,rs11153753
0,0,0,0,1,0,0,1,rs12153955
0,0,0,0,1,0,0,1,rs12197337
0,0,0,0,1,0,0,1,rs12211576
0,0,0,0,1,0,0,1,rs13192336
0,0,0,0,1,0,0,1,rs13192574
0,0,0,0,1,0,0,1,rs13192975
0,0,0,0,1,0,0,1,rs1743256
0,0,0,0,1,0,0,1,rs1761620
0,0,0,0,1,0,0,1,rs2356497
0,0,0,0,1,0,0,1,rs283043
0,0,0,0,1,0,0,1,rs34479834
0,0,0,0,1,0,0,1,rs3752581
0,0,0,0,1,0,0,1,rs397445
0,0,0,0,1,0,0,1,rs419592
0,0,0,0,1,0,0,1,rs4551203
0,0,0,0,1,0,0,1,rs55770006
0,0,0,0,1,0,0,1,rs62422235
0,0,0,0,1,0,0,1,rs62422236
0,0,0,0,1,0,0,1,rs6913012
0,0,0,0,1,0,0,1,rs72952771
0,0,0,0,1,0,0,1,rs72967581
0,0,0,0,1,0,0,1,rs7453914
0,0,0,0,1,0,0,1,rs7764272
0,0,0,0,1,0,0,1,rs7764280
0,0,0,0,1,0,0,1,rs77710920
0,0,0,0,1,0,0,1,rs9320649
0,0,0,0,1,0,0,1,rs9481825
0,0,0,0,1,0,0,1,rs9481826
0,0,0,0,1,0,0,1,rs868153
0,0,0,0,1,0,0,1,rs868154
0,0,0,0,1,0,0,1,rs868155
0,0,0,0,1,0,0,1,rs62430275
0,0,0,0,1,0,0,1,rs2486409
0,0,0,0,1,0,0,1,rs6935330
0,0,0,0,1,0,0,1,rs10215843
0,0,0,0,1,0,0,1,rs10950689
0,0,0,0,1,0,0,1,rs11766365
0,0,0,0,1,0,0,1,rs11768850
0,0,0,0,1,0,0,1,rs4236291
0,0,0,0,1,0,0,1,rs4719499
0,0,0,0,1,0,0,1,rs7783469
0,0,0,0,1,0,0,1,rs7785538
0,0,0,0,1,0,0,1,rs7804512
0,0,0,0,1,0,0,1,rs12672451
0,0,0,0,1,0,0,1,rs10252986
0,0,0,0,1,0,0,1,rs11549785
0,0,0,0,1,0,0,1,rs1319886
0,0,0,0,1,0,0,1,rs13223583
0,0,0,0,1,0,0,1,rs13235183
0,0,0,0,1,0,0,1,rs13246051
0,0,0,0,1,0,0,1,rs1633728
0,0,0,0,1,0,0,1,rs1866961
0,0,0,0,1,0,0,1,rs2270188
0,0,0,0,1,0,0,1,rs2270189
0,0,0,0,1,0,0,1,rs28411392
0,0,0,0,1,0,0,1,rs28503222
0,0,0,0,1,0,0,1,rs35182456
0,0,0,0,1,0,0,1,rs3735625
0,0,0,0,1,0,0,1,rs3919515
0,0,0,0,1,0,0,1,rs4428611
0,0,0,0,1,0,0,1,rs56014347
0,0,0,0,1,0,0,1,rs62468993
0,0,0,0,1,0,0,1,rs6466574
0,0,0,0,1,0,0,1,rs760444
0,0,0,0,1,0,0,1,rs7778236
0,0,0,0,1,0,0,1,rs7795356
0,0,0,0,1,0,0,1,rs3807309
0,0,0,0,1,0,0,1,rs10236214
0,0,0,0,1,0,0,1,rs12668582
0,0,0,0,1,0,0,1,rs1547958
0,0,0,0,1,0,0,1,rs1805120
0,0,0,0,1,0,0,1,rs2072412
0,0,0,0,1,0,0,1,rs2072413
0,0,0,0,1,0,0,1,rs2269000
0,0,0,0,1,0,0,1,rs2269001
0,0,0,0,1,0,0,1,rs34657537
0,0,0,0,1,0,0,1,rs35760656
0,0,0,0,1,0,0,1,rs3778873
0,0,0,0,1,0,0,1,rs3778874
0,0,0,0,1,0,0,1,rs3807376
0,0,0,0,1,0,0,1,rs3807377
0,0,0,0,1,0,0,1,rs3815459
0,0,0,0,1,0,0,1,rs3823587
0,0,0,0,1,0,0,1,rs4725385
0,0,0,0,1,0,0,1,rs4725386
0,0,0,0,1,0,0,1,rs4725984
0,0,0,0,1,0,0,1,rs56282717
0,0,0,0,1,0,0,1,rs6947240
0,0,0,0,1,0,0,1,rs740952
0,0,0,0,1,0,0,1,rs758890
0,0,0,0,1,0,0,1,rs758891
0,0,0,0,1,0,0,1,rs75918780
0,0,0,0,1,0,1,2,rs7789146
0,0,0,0,1,0,0,1,rs11779147
0,0,0,0,1,0,0,1,rs12546423
0,0,0,0,1,0,0,1,rs17126208
0,0,0,0,1,0,0,1,rs2283120
0,0,0,0,1,0,0,1,rs6586684
0,0,0,0,1,0,0,1,rs7460890
0,0,0,0,1,0,0,1,rs11779558
0,0,0,0,1,0,0,1,rs35643944
0,0,0,0,1,0,0,1,rs4379446
0,0,0,0,1,0,0,1,rs61494024
0,0,0,0,1,0,0,1,rs61649210
0,0,0,0,1,0,0,1,rs748350
0,0,0,0,1,0,0,1,rs4871385
0,0,0,0,1,0,0,1,rs62520924
0,0,0,0,1,1,1,3,rs62521287
0,0,0,0,1,0,0,1,rs62521288
0,0,0,0,1,0,0,1,rs7834818
0,0,0,0,1,0,0,1,rs7835298
0,0,0,0,1,0,0,1,rs34866937
0,0,0,0,1,0,0,1,rs35006907
0,0,0,0,1,0,0,1,rs10093977
0,0,0,0,1,0,0,1,rs10098028
0,0,0,0,1,0,0,1,rs11166986
0,0,0,0,1,0,0,1,rs7839832
0,0,0,0,1,0,0,1,rs1011784
0,0,0,0,1,0,0,1,rs1045276
0,0,0,0,1,0,0,1,rs10491560
0,0,0,0,1,0,0,1,rs10761370
0,0,0,0,1,0,0,1,rs10761375
0,0,0,0,1,0,0,1,rs10821447
0,0,0,0,1,0,0,1,rs10821451
0,0,0,0,1,0,0,1,rs10993377
0,0,0,0,1,0,0,1,rs10993390
0,0,0,0,1,0,0,1,rs10993460
0,0,0,0,1,0,0,1,rs10993463
0,0,0,0,1,0,0,1,rs12339639
0,0,0,0,1,0,0,1,rs28626189
0,0,0,0,1,0,0,1,rs356144
0,0,0,0,1,0,0,1,rs3802455
0,0,0,0,1,0,0,1,rs4647558
0,0,0,0,1,0,0,1,rs4744442
0,0,0,0,1,0,0,1,rs4744443
0,0,0,0,1,0,0,1,rs7863582
0,0,0,0,1,0,0,1,rs7874388
0,0,0,0,1,0,0,1,rs78887172
0,0,0,0,1,0,0,1,rs34529769
0,0,0,0,1,0,0,1,rs2236386
0,0,0,0,1,0,0,1,rs4574
0,0,0,0,0,1,1,2,rs7529220
0,0,0,0,0,1,1,2,rs2885697
0,0,0,0,0,1,0,1,rs11590635
0,0,0,0,0,1,0,1,rs72692218
0,0,0,0,0,1,1,2,rs4073778
0,0,0,0,0,1,0,1,rs4999127
0,0,0,0,0,1,1,2,rs11264280
0,0,0,0,0,1,0,1,rs72700118
0,0,0,0,0,1,0,1,rs577676
0,0,0,0,0,1,0,1,rs3737883
0,0,0,0,0,1,1,2,rs4951261
0,0,0,0,0,1,1,2,rs6546620
0,0,0,0,0,1,0,1,rs10496971
0,0,0,0,0,1,0,1,rs3829748
0,0,0,0,0,1,0,1,rs116544863
0,0,0,0,0,1,1,2,rs60902112
0,0,0,0,0,1,0,1,rs536594981
0,0,0,0,0,1,1,2,rs1906615
0,0,0,0,0,1,1,2,rs337705
0,0,0,0,0,1,0,1,rs9481842
0,0,0,0,0,1,1,2,rs117984853
0,0,0,0,0,1,0,1,rs74910854
0,0,0,0,0,1,1,2,rs55985730
0,0,0,0,0,1,0,1,rs208757
0,0,0,0,0,1,1,2,rs2274115
0,0,0,0,0,1,1,2,rs11598047
0,0,0,0,0,1,1,2,rs10749053
0,0,0,0,0,1,1,2,rs12809354
0,0,0,0,0,1,1,2,rs71454237
0,0,0,0,0,1,0,1,rs7312625
0,0,0,0,0,1,1,2,rs9506925
0,0,0,0,0,1,1,2,rs11156751
0,0,0,0,0,1,1,2,rs73241997
0,0,0,0,0,1,0,1,rs3814866
0,0,0,0,0,1,1,2,rs147301839
0,0,0,0,0,1,1,2,rs2106261
0,0,0,0,0,1,1,2,rs1563304
0,0,0,0,0,1,1,2,rs133902
0,0,0,0,0,0,1,1,rs35005436
0,0,0,0,0,0,1,1,rs56181519
0,0,0,0,0,0,1,1,rs6560886
0,0,0,0,0,0,1,1,rs35544454
0,0,0,0,0,0,1,1,rs74884082
0,0,0,0,0,0,1,1,rs11773845
0,0,0,0,0,0,1,1,rs4642101
0,0,0,0,0,0,1,1,rs2738413
0,0,0,0,0,0,1,1,rs2540949
0,0,0,0,0,0,1,1,rs7225165
0,0,0,0,0,0,1,1,rs34080181
0,0,0,0,0,0,1,1,rs7578393
0,0,0,0,0,0,1,1,rs72811294
0,0,0,0,0,0,1,1,rs17380837
0,0,0,0,0,0,1,1,rs883079
0,0,0,0,0,0,1,1,rs2288327
0,0,0,0,0,0,1,1,rs6882776
0,0,0,0,0,0,1,1,rs62521286
0,0,0,0,0,0,1,1,rs730506
0,0,0,0,0,0,1,1,rs34929418
0,0,0,0,0,0,1,1,rs74022964
0,0,0,0,0,0,1,1,rs12154315
0,0,0,0,0,0,1,1,rs6891790
0,0,0,0,0,0,1,1,rs7915134
0,0,0,0,0,0,1,1,rs6747542
0,0,0,0,0,0,1,1,rs3904323
0,0,0,0,0,0,1,1,rs284277
0,0,0,0,0,0,1,1,rs4587869
0,0,0,0,0,0,1,1,rs1997571
0,0,0,0,0,0,1,1,rs4965430
0,0,0,0,0,0,1,1,rs73366713
0,0,0,0,0,0,1,1,rs7653402
0,0,0,0,0,0,1,1,rs4151702
0,0,0,0,0,0,1,1,rs284278
0,0,0,0,0,0,1,1,rs17171711
0,0,0,0,0,0,1,1,rs56326533
0,0,0,0,0,0,1,1,rs17005647
0,0,0,0,0,0,1,1,rs12260801
0,0,0,0,0,0,1,1,rs7955405
0,0,0,0,0,0,1,1,rs12426679
0,0,0,0,0,0,1,1,rs4951258
0,0,0,0,0,0,1,1,rs28387148
0,0,0,0,0,0,1,1,rs73041705
0,0,0,0,0,0,1,1,rs72694603
0,0,0,0,0,0,1,1,rs11099097
0,0,0,0,0,0,1,1,rs6771054
0,0,0,0,0,0,1,1,rs12112152
0,0,0,0,0,0,1,1,rs6790396
0,0,0,0,0,0,1,1,rs4951023
0,0,0,0,0,0,1,1,rs3820888
0,0,0,0,0,0,1,1,rs113755256
0,0,0,0,0,0,1,1,rs4946333
0,0,0,0,0,0,1,1,rs72692602
0,0,0,0,0,0,1,1,rs73724866
0,0,0,0,0,0,1,1,rs2040862
0,0,0,0,0,0,1,1,rs10428132
0,0,0,0,0,0,1,1,rs11099098
0,0,0,0,0,0,1,1,rs3951016
0,0,0,0,0,0,1,1,rs7605146
0,0,0,0,0,0,1,1,rs3809138
0,0,0,0,0,0,1,1,rs73032363
0,0,0,0,0,0,1,1,rs133885
0,0,0,0,0,0,1,1,rs10507248
0,0,0,0,0,0,1,1,rs56201652
0,0,0,0,0,0,1,1,rs1545300
0,0,0,0,0,0,1,1,rs4950913
0,0,0,0,0,0,1,1,rs11786272
0,0,0,0,0,0,1,1,rs12426691
0,0,0,0,0,0,1,1,rs55754224
0,0,0,0,0,0,1,1,rs2860482
0,0,0,0,0,0,1,1,rs10213171
0,0,0,0,0,0,1,1,rs4673904
0,0,0,0,0,0,1,1,rs10993394
0,0,0,0,0,0,1,1,rs12253987
0,0,0,0,0,0,1,1,rs12411463
0,0,0,0,0,0,1,1,rs2723064
0,0,0,0,0,0,1,1,rs6912208
0,0,0,0,0,0,1,1,rs283077
0,0,0,0,0,0,1,1,rs2117137
0,0,0,0,0,0,1,1,rs1865712
0,0,0,0,0,0,1,1,rs35669118
0,0,0,0,0,0,1,1,rs113537199
0,0,0,0,0,0,1,1,rs7770062
0,0,0,0,0,0,1,1,rs6462079
0,0,0,0,0,0,1,1,rs4788
0,0,0,0,0,0,1,1,rs35124509
0,0,0,0,0,0,1,1,rs13125101
0,0,0,0,0,0,1,1,rs6810325
0,0,0,0,0,0,1,1,rs116600817
0,0,0,0,0,0,1,1,rs133889
0,0,0,0,0,0,1,1,rs284279
0,0,0,0,0,0,1,1,rs281868
0,0,0,0,0,0,1,1,rs11579055
0,0,0,0,0,0,1,1,rs7538696
0,0,0,0,0,0,1,1,rs6800541
0,0,0,0,0,0,1,1,rs68061967
0,0,0,0,0,0,1,1,rs7978685
0,0,0,0,0,0,1,1,rs10842383
0,0,0,0,0,0,1,1,rs4246224
0,0,0,0,0,0,1,1,rs118101473
0,0,0,0,0,0,1,1,rs12636275
0,0,0,0,0,0,1,1,rs1278493
0,0,0,0,0,0,1,1,rs28387149
0,0,0,0,0,0,1,1,rs78332318
0,0,0,0,0,0,1,1,rs55941572
0,0,0,0,0,0,1,1,rs11180710
0,0,0,0,0,0,1,1,rs72692596
0,0,0,0,0,0,1,1,rs28387150
0,0,0,0,0,0,1,1,rs4935786
0,0,0,0,0,0,1,1,rs2169888
0,0,0,0,0,0,1,1,rs2958149
0,0,0,0,0,0,1,1,rs6847935
0,0,0,0,0,0,1,1,rs67249485
0,0,0,0,0,0,1,1,rs7689774
0,0,0,0,0,0,1,1,rs11579558
0,0,0,0,0,0,1,1,rs133890
0,0,0,0,0,0,1,1,rs337708
0,0,0,0,0,0,1,1,rs75880040
0,0,0,0,0,0,1,1,rs7864171
0,0,0,0,0,0,1,1,rs59212267
0,0,0,0,0,0,1,1,rs60325252
0,0,0,0,0,0,1,1,rs2156664
0,0,0,0,0,0,1,1,rs113949548
0,0,0,0,0,0,1,1,rs72966339
0,0,0,0,0,0,1,1,rs13017134
0,0,0,0,0,0,1,1,rs60207187
0,0,0,0,0,0,1,1,rs10212121
0,0,0,0,0,0,1,1,rs7804722
0,0,0,0,0,0,1,1,rs56194753
0,0,0,0,0,0,1,1,rs6972137
0,0,0,0,0,0,1,1,rs4654773
0,0,0,0,0,0,1,1,rs2540951
0,0,0,0,0,0,1,1,rs2723065
0,0,0,0,0,0,1,1,rs9810089
