"","rsid","Chr_pos","ALT","REF","gene_name","BBJ_AAF","BBJ_Beta","BBJ_P","EUR_AAF","EUR_Beta","EUR_P","AAF_CTSN_gwas.matched","beta_CTSN_gwas.matched","FDR_CTSN","AAF_Harbin_gwas.matched","beta_Harbin_gwas.matched","FDR_Harbin"
"1","rs10873298","14_77426525","T","C","LINC01629",0.657,-0.05,0.00136,0.634,-0.04,7.07e-09,0.5298,1.92388274970435,2.50360061758812e-17,0.6866,1.57388339395719,1.86661415150049e-08
"2","rs10873298","14_77426525","T","C","AC007686.1",0.657,-0.05,0.00136,0.634,-0.04,7.07e-09,0.5298,1.77321554945883,4.96694589312978e-15,0.6866,0.897441631969003,1.74056757077072e-06
"3","rs11156751","14_32990437","C","T","AKAP6",0.35,0.099,7.59e-10,0.285,0.072,6.94e-21,0.2798,-0.0760122671803757,0.811676816678046,0.4104,-0.149245630778999,0.00550611175462916
"4","rs1278493","3_135814009","A","G","AC072039.1",0.197,-0.04,0.0475,0.565,-0.039,8.77e-09,0.5714,0.334845329904265,6.90680639964354e-07,0.1418,0.142859685996519,1
"5","rs1278493","3_135814009","A","G","PCCB",0.197,-0.04,0.0475,0.565,-0.039,8.77e-09,0.5714,0.0745523662476115,0.0761034944137923,0.1418,0.114738796712052,0.710005612935282
"6","rs12908004","15_80676925","G","A","AC016705.2",0.063,0.142,1.46e-06,0.164,0.073,4.12e-16,0.1726,-0.52880861725284,7.39509634470338e-05,0.05224,-0.774794276979724,0.000916125561702002
"7","rs12908004","15_80676925","G","A","ARNT2",0.063,0.142,1.46e-06,0.164,0.073,4.12e-16,0.1726,-0.531567855788022,0.00015072033293378,0.05224,-0.611016632287836,0.00931716378890808
"8","rs12908004","15_80676925","G","A","CTXND1",0.063,0.142,1.46e-06,0.164,0.073,4.12e-16,0.1726,-0.818534327090831,0.00147292062070813,0.05224,-1.03273044087842,0.0738559002458228
"9","rs2012809","5_128190363","G","A","SLC27A6",0.92,0.039,0.157,0.79,0.058,4.92e-10,0.8214,0.584227179664446,3.1238603383828e-08,0.93284,0.459583558595245,0.694898341061362
"10","rs223449","4_103712337","T","A","BDH2",0.464,0.039,0.00987,0.489,0.036,7.07e-08,0.4405,-0.152741629627131,0.0234285081846718,0.4104,-0.0264263060535686,1
"11","rs223449","4_103712337","T","A","SLC9B1",0.464,0.039,0.00987,0.489,0.036,7.07e-08,0.4405,0.0788998707926081,0.371381292110688,0.4104,0.1120942131397,0.311188163842206
"12","rs2316443","13_113864837","A","G","F10",0.441,-0.021,0.164,0.226,-0.045,2.35e-08,0.2202,0.247255346400861,0.0727400699094473,0.3582,0.289751939984403,0.000825100001819687
"13","rs242557","17_44019712","A","G","MAPT-IT1",0.456,-0.078,2.02e-07,0.379,-0.031,1.43e-05,0.381,-0.366395109886584,7.81420354869748e-06,0.6119,-0.0807661692162117,1
"14","rs242557","17_44019712","A","G","MAPT",0.456,-0.078,2.02e-07,0.379,-0.031,1.43e-05,0.381,-0.751622111503136,1.35760568664959e-09,0.6119,-0.496083875625641,7.12277395417106e-08
"15","rs242557","17_44019712","A","G","STH",0.456,-0.078,2.02e-07,0.379,-0.031,1.43e-05,0.381,-0.303309391086108,3.76495661096534e-05,0.6119,-0.0985771855794387,1
"16","rs2540949","2_65284231","T","A","CEP68",0.325,-0.089,3.07e-08,0.385,-0.066,2.95e-22,0.4524,0.197454557016117,9.10303500893453e-08,0.3209,0.221507029952226,4.49559869537157e-08
"17","rs2885697","1_41544279","T","G","AC093151.3",0.686,-0.005,0.746,0.648,-0.044,2.88e-10,0.6429,0.60132549365698,0.049927199068896,0.7388,0.780284669164775,2.52105204116382e-09
"18","rs2885697","1_41544279","T","G","AC093151.8",0.686,-0.005,0.746,0.648,-0.044,2.88e-10,0.6429,0.186158153063773,0.0120381067602727,0.7388,0.366548236279773,1.46680292221396e-05
"19","rs34080181","3_66454191","A","G","SLC25A26",0.215,-0.062,0.000911,0.379,-0.045,1.28e-10,0.381,-0.086407979809973,0.435889909927625,0.1866,-0.168983669502271,0.0270248590457435
"20","rs34969716","6_18210109","A","G","KDM1B",0.345,0.071,2.63e-05,0.305,0.07,1.6e-19,0.2679,-0.152387042394414,0.00441331417654753,0.306,-0.093810881955131,0.0519997675359763
"21","rs3809666","16_764753","G","C","HAGHL",0.548,0.021,0.168,0.227,0.039,1.68e-06,0.2619,-0.220101043046231,0.107018433749263,0.6194,-0.0184651109305309,1
"22","rs3820888","2_201180023","C","T","SPATS2L",0.69,0.093,1.43e-08,0.392,0.068,5.75e-24,0.4643,0.179644245429807,0.00813451797635373,0.7388,0.222940533567787,2.81342511502026e-05
"23","rs4951258","1_205691316","A","G","RAB29",0.363,0.02,0.201,0.416,0.038,2.1e-08,0.3274,0.137397402709265,0.0472969962702251,0.2687,0.121679143066197,0.401004314323892
"24","rs4965430","15_99268850","G","C","IRAIN",0.462,-0.036,0.0178,0.614,-0.044,1.26e-10,0.5357,-0.180550803824599,0.214685443386321,0.4627,-0.102990684295612,1
"25","rs4965430","15_99268850","G","C","IGF1R",0.462,-0.036,0.0178,0.614,-0.044,1.26e-10,0.5357,-0.114530233985641,0.0599925867261176,0.4627,-0.0484520431083002,1
"26","rs4970418","1_918617","A","G","PERM1",0.076,0.062,0.029,0.167,0.044,7.54e-06,0.1488,-0.395809393886812,0.0085984796489444,0.06716,-0.410527416142911,0.820188526669971
"27","rs529526","5_137443486","C","T","FAM13B",0.376,0.018,0.25,0.306,0.083,1.8e-30,0.2917,0.121637435724207,0.149690575565057,0.3134,-0.0220361974089213,1
"28","rs5754508","22_21999229","G","C","UBE2L3",0.36,0.069,0.000135,0.191,0.036,1e-04,0.1726,-0.0706312748658451,0.00707915526664869,0.306,-0.0198801738835344,1
"29","rs60212594","10_75414344","C","G","MYOZ1",0.164,-0.065,0.00139,0.144,-0.118,9.2e-35,0.1548,-1.74742407264464,1.59385376429894e-07,0.194,-1.02849848938499,6.18481658786254e-05
"30","rs6089752","20_61154393","T","C","MIR1-1HG-AS1",0.492,0.071,4.02e-06,0.521,0.033,2.17e-06,0.6012,0.228515338968907,0.00887239662414134,0.5149,0.187434374852764,0.500004807301824
"31","rs7359623","17_38049589","T","C","PGAP3",0.265,-0.037,0.0283,0.517,-0.044,4.39e-11,0.4405,0.0722476051637005,0.901559176399521,0.3433,0.08701755556435,0.700354495113804
"32","rs7612445","3_179172979","T","G","GNB4",0.179,0.068,0.000916,0.188,0.049,4.81e-09,0.2798,-0.622899633757323,6.70270340311711e-13,0.1194,-0.479214220353163,3.02182828669119e-07
"33","rs897393","12_123312051","T","C","CCDC62",0.784,-0.039,0.0281,0.863,-0.057,3.27e-08,0.7798,0.0338944840666544,0.995049072223852,0.5896,-0.141886624548776,0.0883162345288273
