rsid,gene_name,variant_id,gene_id,tss_distance,ma_samples,ma_count,maf,pval_nominal,slope,slope_se,pval_nominal_threshold,min_pval_nominal,pval_beta,snp_gene
rs4951258,RAB29,chr1_205722188_G_A_b38,ENSG00000117280,-53272,229,283,0.380376,1.32465e-18,-0.339263,0.0360593,9.84346e-05,9.56238e-36,6.58164e-30,chr1:205722188_ENSG00000117280
rs2885697,AC093151.3,,,,,,,,,,,,,chr1:41078607_ENSG00000235358
rs2885697,AC093151.8,,,,,,,,,,,,,chr1:41078607_ENSG00000287400
rs4970418,PERM1,chr1_983237_G_A_b38,ENSG00000187642,1144,109,120,0.16129,4.30304e-14,0.305104,0.0384771,9.9385e-05,3.5825e-15,5.34064e-11,chr1:983237_ENSG00000187642
rs60212594,MYOZ1,chr10_73654586_G_C_b38,ENSG00000177791,12829,92,97,0.130376,1.38505e-45,1.06571,0.0630361,0.000250133,4.5217e-51,7.16127e-44,chr10:73654586_ENSG00000177791
rs897393,CCDC62,,,,,,,,,,,,,chr12:122827504_ENSG00000130783
rs2316443,F10,chr13_113210523_G_A_b38,ENSG00000126218,87709,146,168,0.225806,5.68698e-06,-0.180546,0.0390785,6.22304e-05,4.2046e-06,0.0149049,chr13:113210523_ENSG00000126218
rs11156751,AKAP6,chr14_32521231_T_C_b38,ENSG00000151320,191958,169,202,0.271505,4.2466e-08,0.166602,0.0296221,7.46011e-05,1.91586e-08,8.51874e-05,chr14:32521231_ENSG00000151320
rs10873298,AC007686.1,chr14_76960182_C_T_b38,ENSG00000243225,-8501,254,330,0.443548,1.15912e-78,-1.102,0.0425642,7.8272e-05,1.15912e-78,1.87786e-70,chr14:76960182_ENSG00000243225
rs10873298,LINC01629,chr14_76960182_C_T_b38,ENSG00000258602,544,254,330,0.443548,5.33921e-89,-1.17995,0.0408077,6.79846e-05,3.42446e-89,3.49927e-79,chr14:76960182_ENSG00000258602
rs12908004,ARNT2,chr15_80384583_A_G_b38,ENSG00000172379,-19768,108,121,0.162634,1.774e-54,0.86211,0.0447637,7.67164e-05,1.774e-54,1.044e-47,chr15:80384583_ENSG00000172379
rs12908004,CTXND1,chr15_80384583_A_G_b38,ENSG00000259417,132370,108,121,0.162634,6.43482e-29,0.9252,0.0744489,7.65308e-05,6.43482e-29,6.41862e-24,chr15:80384583_ENSG00000259417
rs12908004,AC016705.2,chr15_80384583_A_G_b38,ENSG00000259495,-18992,108,121,0.162634,4.79437e-43,0.86575,0.0533261,7.26219e-05,4.79437e-43,2.04566e-36,chr15:80384583_ENSG00000259495
rs4965430,IGF1R,,,,,,,,,,,,,chr15:98725621_ENSG00000140443
rs4965430,IRAIN,,,,,,,,,,,,,chr15:98725621_ENSG00000259424
rs3809666,HAGHL,chr16_714753_C_G_b38,ENSG00000103253,-12183,147,167,0.224462,3.56863e-22,0.455003,0.0433539,5.45593e-05,1.2268e-33,1.60961e-28,chr16:714753_ENSG00000103253
rs7359623,PGAP3,chr17_39893336_C_T_b38,ENSG00000161395,196539,272,363,0.487903,8.32725e-14,-0.256018,0.032697,0.00015313,2.79664e-30,5.23034e-25,chr17:39893336_ENSG00000161395
rs242557,MAPT,chr17_45942346_G_A_b38,ENSG00000186868,47964,210,261,0.350806,1.78591e-34,0.661573,0.0474295,0.000179976,1.78591e-34,1.55738e-28,chr17:45942346_ENSG00000186868
rs242557,STH,,,,,,,,,,,,,chr17:45942346_ENSG00000256762
rs242557,MAPT-IT1,,,,,,,,,,,,,chr17:45942346_ENSG00000279685
rs3820888,SPATS2L,chr2_200315300_T_C_b38,ENSG00000196141,9419,238,296,0.397849,4.34236e-18,-0.303211,0.0327925,0.000166209,2.09322e-19,5.76228e-15,chr2:200315300_ENSG00000196141
rs2540949,CEP68,chr2_65057097_A_T_b38,ENSG00000011523,731,245,299,0.401882,1.63499e-54,-0.583336,0.030274,6.95764e-05,1.76426e-59,7.81164e-52,chr2:65057097_ENSG00000011523
rs6089752,MIR1-1HG-AS1,chr20_62557186_C_T_b38,ENSG00000174403,5660,274,345,0.46371,1.73871e-05,-0.150391,0.0344441,5.6738e-05,1.75651e-08,0.00010527,chr20:62557186_ENSG00000174403
rs5754508,UBE2L3,,,,,,,,,,,,,chr22:21644940_ENSG00000185651
rs1278493,PCCB,chr3_136095167_G_A_b38,ENSG00000114054,-155139,266,342,0.459677,1.32983e-14,-0.190586,0.0235161,0.00023559,7.32534e-15,7.57688e-11,chr3:136095167_ENSG00000114054
rs1278493,AC072039.1,,,,,,,,,,,,,chr3:136095167_ENSG00000227267
rs7612445,GNB4,chr3_179455191_G_T_b38,ENSG00000114450,3601,124,138,0.185484,2.01491e-70,1.09265,0.0463524,0.000115915,2.01491e-70,4.42251e-61,chr3:179455191_ENSG00000114450
rs34080181,SLC25A26,chr3_66403767_G_A_b38,ENSG00000144741,270157,218,263,0.353495,2.43373e-09,0.219094,0.0356173,7.79485e-05,2.04005e-20,1.30511e-15,chr3:66403767_ENSG00000144741
rs223449,SLC9B1,,,,,,,,,,,,,chr4:102791180_ENSG00000164037
rs223449,BDH2,chr4_102791180_A_T_b38,ENSG00000164039,-308703,273,364,0.489247,4.65326e-08,0.262023,0.0467332,0.000139624,4.9421e-48,1.75338e-41,chr4:102791180_ENSG00000164039
rs2012809,SLC27A6,chr5_128854670_A_G_b38,ENSG00000113396,9090,122,136,0.182796,6.5905e-33,-0.517782,0.0382863,0.000174804,1.48035e-41,2.19954e-35,chr5:128854670_ENSG00000113396
rs529526,FAM13B,chr5_138107797_T_C_b38,ENSG00000031003,55836,178,209,0.280914,1.2284e-06,-0.163538,0.0330294,0.000185086,1.77837e-12,1.19959e-08,chr5:138107797_ENSG00000031003
rs34969716,KDM1B,chr6_18209878_G_A_b38,ENSG00000165097,54549,199,223,0.299731,5.07174e-23,0.427775,0.0398106,0.000115597,5.07174e-23,3.36501e-18,chr6:18209878_ENSG00000165097
