Lead Variant,P-value,Beta,Odds Ratio,95% Confidence Interval,Credible Set Size,LD Set Size,L2G,Closest Gene,Colocalisation
1_10730740_C_A,1.245E-09,,0.958678026,"(0.95, 0.97)",9,15,CASZ1,CASZ1,
1_21956126_T_C,1.983E-10,,1.064068746,"(1.0, 1.1)",14,41,HSPG2,HSPG2,HSPG2
1_41078607_G_T,2.884E-10,,0.957049658,"(0.94, 0.97)",1,164,SCMH1,SLFNL1,SCMH1
1_48844092_G_A,4.123E-09,,1.156733402,"(1.1, 1.2)",12,0,,BEND5,
1_51069367_G_A,8E-15,,1.174097773,"(1.1, 1.2)",134,0,,C1orf185,
1_111916271_C_T,2.3E-14,,0.946201245,"(0.93, 0.96)",8,25,KCND3,KCND3,
1_115755137_C_A,4.96E-13,,1.049800347,"(1.0, 1.1)",19,107,CASQ2,CASQ2,
1_147783720_G_A,3.2E-14,,0.890297146,"(0.86, 0.92)",105,192,GJA5,GJA5,
1_154451288_T_C,3.906E-11,,0.956379957,"(0.94, 0.97)",23,35,IL6R,IL6R,"IL6R, SHE"
1_154741530_G_A,4.279E-17,,1.086215895,"(1.1, 1.1)",3,20,KCNN3,ADAR,TPM3
1_154839804_C_T,1.767E-64,,1.130206094,"(1.1, 1.1)",8,23,KCNN3,KCNN3,KCNN3
1_154890476_C_T,3.067E-79,,1.144193475,"(1.1, 1.2)",1,6,,KCNN3,"DCST2, CKS1B"
1_170224684_G_C,3.288E-54,,1.223970399,"(1.2, 1.3)",1,1,NTMT2,NTMT2,
1_170225682_C_A,9.524E-34,,1.130545207,"(1.1, 1.2)",9,14,,NTMT2,
1_170618199_C_T,1.62E-43,,0.911831559,"(0.90, 0.92)",18,66,PRRX1,PRRX1,
1_170739839_T_C,3.73E-10,,1.095926364,"(1.1, 1.1)",40,68,PRRX1,PRRX1,
1_203057086_T_G,9.844E-20,,0.940917327,"(0.93, 0.95)",7,30,PPFIA4,MYOG,"PPFIA4, ADORA1"
1_205716224_T_C,0.000000024,,1.038315823,"(1.0, 1.1)",7,16,,NUCKS1,"RAB29, SLC41A1, NUCKS1"
2_25937071_T_C,3.188E-12,,1.062048935,"(1.0, 1.1)",3,23,KIF3C,KIF3C,
2_61242991_C_T,6.416E-09,,0.961366086,"(0.95, 0.97)",172,318,USP34,C2orf74,
2_65057097_A_T,2.949E-22,,0.936224482,"(0.92, 0.95)",5,134,CEP68,CEP68,CEP68
2_69879700_T_C,1.096E-16,,0.94610663,"(0.93, 0.96)",19,120,,SNRNP27,"GMCL1, SNRNP27, ANXA4"
2_86367364_G_A,2.372E-11,,0.933980237,"(0.92, 0.95)",23,167,,REEP1,
2_126675889_C_T,6.251E-11,,1.076914492,"(1.1, 1.1)",10,15,GYPC,GYPC,GYPC
2_145002786_C_G,1.712E-08,,1.073688589,"(1.0, 1.1)",29,33,ZEB2,ZEB2,
2_174690986_C_T,6.463E-18,,0.935943657,"(0.92, 0.95)",2,33,WIPF1,WIPF1,WIPF1
2_178546938_A_G,7.257E-25,,1.096255191,"(1.1, 1.1)",17,91,,PLEKHA3,
2_200304035_T_C,6.278E-24,,1.070900625,"(1.1, 1.1)",5,92,SPATS2L,SPATS2L,SPATS2L
2_212401279_A_T,1.1E-11,,0.942801045,"(0.93, 0.96)",15,62,ERBB4,ERBB4,
3_12800724_T_G,2.945E-24,,1.073151879,"(1.1, 1.1)",4,117,CAND2,CAND2,CAND2
3_24421744_T_C,1.546E-09,,0.956666914,"(0.94, 0.97)",8,29,THRB,THRB,THRB
3_38668824_T_C,7.584E-16,,0.816768155,"(0.78, 0.86)",2,0,SCN5A,SCN5A,
3_38730434_C_G,2.401E-20,,1.064707379,"(1.1, 1.1)",11,33,SCN10A,SCN5A,
3_66403767_G_A,1.278E-10,,0.956379957,"(0.94, 0.97)",16,33,LRIG1,LRIG1,"LRIG1, SLC25A26"
3_69357030_C_T,2.698E-09,,1.042164708,"(1.0, 1.1)",17,51,FRMD4B,FRMD4B,
3_89440379_T_C,2.424E-11,,0.955328518,"(0.94, 0.97)",16,106,EPHA3,EPHA3,EPHA3
3_111835579_G_A,2E-15,,1.057386185,"(1.0, 1.1)",66,76,PHLDB2,PHLDB2,PHLDB2
3_136095167_G_A,8.769E-09,,0.961846889,"(0.95, 0.97)",60,124,,MSL2,"MSL2, PCCB"
3_179455191_G_T,4.808E-09,,1.050535464,"(1.0, 1.1)",41,11,GNB4,GNB4,"GNB4, ZNF639"
3_195080124_C_T,1.719E-08,,1.045504977,"(1.0, 1.1)",5,30,XXYLT1,XXYLT1,"XXYLT1, FAM43A"
4_80243569_C_T,1.735E-09,,1.044355554,"(1.0, 1.1)",7,18,FGF5,FGF5,"FGF5, PRDM8"
4_102969273_T_G,4.863E-08,,1.036863198,"(1.0, 1.1)",240,442,,SLC9B1,
4_110683571_C_T,1.194E-48,,1.131223737,"(1.1, 1.2)",5,75,PITX2,PITX2,
4_110757980_A_G,2E-15,,1.618500333,"(1.4, 1.8)",2,135,PITX2,,
4_110760789_G_A,7.091E-50,,1.459217014,"(1.4, 1.5)",2,108,,PITX2,
4_110780642_G_T,0,,1.44166688,"(1.4, 1.5)",6,136,PITX2,PITX2,
4_110791028_G_T,0,,0.652659321,"(0.64, 0.67)",2,152,PITX2,PITX2,
4_110796892_T_C,6E-15,,0.762006647,"(0.71, 0.82)",2,0,PITX2,PITX2,
4_110796991_C_A,2.727E-36,,0.865022293,"(0.85, 0.88)",2,4,,PITX2,
4_110815726_A_T,1E-15,,0.902217191,"(0.88, 0.93)",2,1,,PITX2,
4_110840331_T_C,3.6E-109,,0.844255589,"(0.83, 0.86)",2,5,PITX2,PITX2,ELOVL6
4_110852711_A_C,4.571E-70,,0.885413953,"(0.87, 0.90)",3,13,,PITX2,
4_113507558_C_T,2.15E-13,,1.056963315,"(1.0, 1.1)",21,73,CAMK2D,CAMK2D,CAMK2D
4_148016386_C_G,1.323E-11,,1.095269005,"(1.1, 1.1)",25,29,ARHGAP10,ARHGAP10,
4_173526198_A_G,3.362E-10,,0.955328518,"(0.94, 0.97)",4,3,HAND2,HAND2,
4_173720033_T_C,3.45E-13,,0.911558051,"(0.89, 0.93)",14,0,HAND2,HAND2,
5_107091908_C_A,0.000000003,,0.9604052,"(0.95, 0.97)",65,164,EFNA5,EFNA5,
5_114401365_T_G,1.634E-16,,1.058020807,"(1.0, 1.1)",8,49,KCNN2,KCNN2,YTHDC2
5_128854670_A_G,4.923E-10,,1.05992696,"(1.0, 1.1)",65,0,SLC27A6,FBN2,SLC27A6
5_138029106_C_T,1.95E-35,,1.114716375,"(1.1, 1.1)",16,67,FAM13B,FAM13B,FAM13B
5_143500967_G_C,1.921E-17,,1.076053304,"(1.1, 1.1)",50,94,NR3C1,NR3C1,
5_168959084_G_A,2.516E-09,,1.090351368,"(1.1, 1.1)",44,176,SLIT3,SLIT3,
5_173237160_G_A,9.637E-22,,0.931368751,"(0.92, 0.94)",5,9,NKX2-5,NKX2-5,NKX2-5
5_173965957_G_T,8.091E-12,,0.954278234,"(0.94, 0.97)",55,93,CPEB4,C5orf47,NSG2
6_16415520_G_A,1.531E-25,,0.901676023,"(0.88, 0.92)",5,11,ATXN1,GMPR,
6_18209878_G_A,1.595E-19,,1.072722704,"(1.1, 1.1)",7,5,"DEK, KDM1B",KDM1B,"KDM1B, DEK, TPMT"
6_36679512_G_A,1.42E-13,,0.939319126,"(0.92, 0.96)",3,27,CDKN1A,CDKN1A,CDKN1A
6_87111783_A_G,1.465E-10,,0.957336816,"(0.94, 0.97)",262,499,,CGA,
6_118244502_A_G,5.47E-22,,1.065985795,"(1.1, 1.1)",7,71,SLC35F1,PLN,
6_121778006_G_A,2.513E-11,,0.929321992,"(0.91, 0.95)",36,55,GJA1,GJA1,
6_122077095_C_T,7.422E-19,,0.940258915,"(0.93, 0.95)",23,205,,HSF2,
6_149077964_G_T,1.342E-24,,1.130658267,"(1.1, 1.2)",1,2,,TAB2,
7_14332384_G_A,2.201E-12,,1.056329328,"(1.0, 1.1)",3,12,DGKB,ETV1,
7_28376208_G_A,8.793E-10,,1.047702844,"(1.0, 1.1)",15,28,CREB5,CREB5,
7_74696373_A_G,4.313E-08,,1.094174284,"(1.1, 1.1)",1,8,,GTF2I,"GTF2I, GTF2IRD2"
7_92648802_G_A,1.743E-12,,0.948285179,"(0.93, 0.96)",20,53,CDK6,FAM133B,
7_116551247_C_A,2.39E-55,,1.111154983,"(1.1, 1.1)",3,54,CAV1,CAV1,CAV1
7_128776990_T_G,5.236E-09,,1.09056946,"(1.1, 1.1)",1,1,,OPN1SW,FLNC
7_150964321_G_A,2.116E-11,,0.943272563,"(0.93, 0.96)",16,24,KCNH2,KCNH2,
8_11642399_A_C,5.152E-09,,1.055484602,"(1.0, 1.1)",88,18,,GATA4,
8_18056461_G_A,1.691E-21,,1.073688589,"(1.1, 1.1)",1,132,ASAH1,ASAH1,PCM1
8_21964267_G_T,3.553E-10,,0.936786385,"(0.92, 0.96)",25,55,,XPO7,XPO7
8_123539735_A_G,4.498E-19,,1.127722374,"(1.1, 1.2)",8,84,FBXO32,FBXO32,
8_123622957_G_C,4.646E-08,,0.927187007,"(0.90, 0.95)",1,1,,KLHL38,
8_140730769_A_C,1.095E-09,,1.04133131,"(1.0, 1.1)",228,434,PTK2,AGO2,
9_94951177_C_A,2.924E-34,,1.085564361,"(1.1, 1.1)",9,96,AOPEP,AOPEP,AOPEP
9_136202927_A_G,1.691E-10,,1.049905332,"(1.0, 1.1)",4,7,LHX3,LHX3,QSOX2
10_63561387_C_A,1.664E-12,,0.954087398,"(0.94, 0.97)",93,221,JMJD1C,JMJD1C,
10_73660422_C_T,1.42E-34,,0.889763128,"(0.87, 0.91)",7,107,SYNPO2L,SYNPO2L,"SYNPO2L, CFAP70, NDST2, FAM149B1, CAMK2G, MRPS16"
10_75091745_A_T,1.145E-08,,0.962039278,"(0.95, 0.97)",31,80,,SAMD8,"DUSP13, VDAC2, COMTD1"
10_76176912_T_G,6.932E-10,,1.05590688,"(1.0, 1.1)",53,110,LRMDA,LRMDA,
10_101800576_C_T,9.526E-09,,0.961750709,"(0.95, 0.97)",72,40,,NPM3,"PITX3, CUEDC2, NFKB2, OGA"
10_103572695_C_T,7.832E-46,,1.098889363,"(1.1, 1.1)",6,9,NEURL1,NEURL1,
10_103582915_A_G,8.952E-66,,1.166140992,"(1.1, 1.2)",6,26,NEURL1,NEURL1,NEURL1
10_103720629_T_A,3.207E-44,,1.149239018,"(1.1, 1.2)",7,34,SH3PXD2A,SH3PXD2A,
10_110816937_T_C,1.049E-08,,0.946012024,"(0.93, 0.96)",2,6,,PDCD4,RBM20
11_19988745_A_G,2.931E-20,,0.930251778,"(0.92, 0.94)",17,52,NAV2,DBX1,NAV2
11_121790799_T_A,4.854E-09,,0.954755493,"(0.94, 0.97)",19,190,SORL1,BLID,
11_128894675_G_A,1.26E-20,,1.121985631,"(1.1, 1.1)",6,9,KCNJ5,KCNJ5,
12_24562114_T_G,5.052E-20,,1.100208822,"(1.1, 1.1)",1,1,SOX5,SOX5,
12_24619033_C_T,2.881E-25,,0.905923875,"(0.89, 0.92)",12,18,SOX5,SOX5,
12_26192593_C_T,4.799E-12,,0.951134306,"(0.94, 0.96)",15,31,SSPN,BHLHE41,SSPN
12_32825503_T_C,2.9E-14,,1.074440434,"(1.1, 1.1)",4,12,PKP2,YARS2,
12_56712154_A_C,1.212E-12,,0.947432107,"(0.93, 0.96)",17,195,,NACA,"NACA, RBMS2, PTGES3, PRIM1"
12_69619635_G_A,1.78E-13,,0.939882887,"(0.92, 0.96)",2,59,LRRC10,LRRC10,
12_75844207_C_T,4.945E-09,,0.961654539,"(0.95, 0.97)",11,46,,PHLDA1,
12_114355435_C_T,2.837E-40,,1.103073087,"(1.1, 1.1)",8,44,TBX5,TBX5,TBX5
12_122843353_C_A,2.537E-08,,0.94412189,"(0.93, 0.96)",117,153,,HIP1R,"VPS37B, HIP1R"
12_132573624_T_C,1.491E-08,,1.052322893,"(1.0, 1.1)",18,18,,LRCOL1,
13_22794804_C_T,2.716E-09,,1.045923262,"(1.0, 1.1)",8,87,,SGCG,
13_113218398_T_C,1.378E-08,,0.955806301,"(0.94, 0.97)",92,146,CUL4A,PCID2,"PROZ, F10"
14_23392602_A_G,4.561E-10,,1.044251123,"(1.0, 1.1)",5,8,MYH6,MYH6,
14_32455299_T_C,2.27E-13,,1.060032958,"(1.0, 1.1)",13,31,AKAP6,AKAP6,
14_32521231_T_C,6.941E-21,,1.074547884,"(1.1, 1.1)",4,12,AKAP6,AKAP6,
14_34704569_C_T,3E-15,,1.076053304,"(1.1, 1.1)",4,40,CFL2,CFL2,CFL2
14_64213242_A_G,2.546E-31,,0.925149438,"(0.91, 0.94)",3,80,ESR2,ESR2,"ESR2, SYNE2, MTHFD1"
14_72782711_C_T,3.479E-10,,0.951895518,"(0.94, 0.97)",16,51,DPF3,DPF3,PAPLN
14_76960182_C_T,7.072E-09,,0.960693365,"(0.95, 0.97)",8,11,IRF2BPL,IRF2BPL,IRF2BPL
15_57637771_A_G,1.729E-08,,1.289171804,"(1.2, 1.4)",2,0,"GCOM1, MYZAP",GCOM1,
15_63811578_G_A,4.977E-08,,1.040082462,"(1.0, 1.1)",95,204,,HERC1,
15_73374914_T_G,4.782E-36,,1.118512861,"(1.1, 1.1)",9,40,HCN4,HCN4,
15_80384583_A_G,4.115E-16,,1.075945705,"(1.1, 1.1)",1,5,ARNT2,ARNT2,"ARNT2, CTXND1"
15_80701947_G_A,5.038E-09,,1.039770484,"(1.0, 1.1)",24,54,ABHD17C,ABHD17C,ABHD17C
15_98725621_C_G,1.258E-10,,0.956858267,"(0.94, 0.97)",14,76,IGF1R,IGF1R,IGF1R
16_1953015_G_A,2.4E-14,,1.18045505,"(1.1, 1.2)",1,0,RPL3L,RPL3L,
16_73019123_T_A,4.65E-91,,1.190769813,"(1.2, 1.2)",2,52,ZFHX3,PMFBP1,
16_73033862_T_G,1.974E-23,,0.919431256,"(0.90, 0.93)",7,9,ZFHX3,PMFBP1,
17_1406556_G_A,3.203E-09,,0.936599047,"(0.92, 0.96)",33,55,,YWHAE,YWHAE
17_7549660_C_T,2.017E-09,,1.046237086,"(1.0, 1.1)",16,48,,TNFSF12-TNFSF13,"TNFSF12, TNFSF12-TNFSF13, TNFSF13"
17_12715363_G_C,9.67E-12,,0.930530896,"(0.91, 0.95)",9,18,MYOCD,MYOCD,
17_39893336_C_T,4.394E-11,,0.957145367,"(0.94, 0.97)",33,135,,ZPBP2,"ZPBP2, ORMDL3, GSDMB, IKZF3, PSMD3"
17_46797087_C_T,2.557E-12,,1.066518921,"(1.0, 1.1)",11,2,,WNT3,"KPNB1, CRHR1"
17_78777556_T_C,3.627E-08,,0.964158094,"(0.95, 0.98)",71,116,,CYTH1,"USP36, CYTH1"
18_48947822_T_C,1.823E-11,,1.050220351,"(1.0, 1.1)",10,4,SMAD7,SMAD7,
21_34746814_T_G,3.412E-17,,0.909918722,"(0.89, 0.93)",1,2,CLIC6,CLIC6,
22_18114735_T_C,1.531E-12,,0.950468745,"(0.94, 0.96)",1,4,TUBA8,TUBA8,
22_25768112_C_T,9.137E-10,,1.042790195,"(1.0, 1.1)",9,8,MYO18B,MYO18B,MYO18B
