Top GWAS SNP,Chromosome,GWAS SNP Position,Ensembl ID of Genes within 250kb of top GWAS SNP,Gene Names within 250kb of top GWAS SNP,GWAS SNP eQTL R-square,GWAS SNP eQTL Beta-Coefficient,GWAS SNP eQTL p-value,GWAS SNP eQTL q-value,Top cis-eQTL SNP/variant,Top cis-eQTL SNP/variant position,Top cis-eQTL SNP/variant R-square,Top cis-eQTL SNP/variant beta ,Top cis-eQTL SNP/variant p-value,Top cis-eQTL SNP/variant q-value,LD with top GWAS SNP
rs10873298,14,77426525,ENSG00000258602,ENSG00000258602,0.757865359,2.27279951,9.13154E-65,1.54679E-60,rs8181996,77427469,0.759511803,2.293859244,4.55629E-65,8.32504E-61,0.99628931
rs10873298,14,77426525,ENSG00000243225,ENSG00000243225,0.749076509,2.273891186,3.45526E-63,3.96057E-59,rs10873299,77426711,0.749158178,2.278973195,3.34251E-63,3.84629E-59,0.999813433
rs7612445,3,179172979,ENSG00000114450,GNB4,0.716253618,0.867481967,9.57527E-58,6.53989E-54,rs7612445,179172979,0.716253618,0.867481967,9.57527E-58,6.53989E-54,1
rs60212594,10,75414344,ENSG00000177791,MYOZ1,0.621568272,2.024098744,5.56489E-45,1.30017E-41,rs60212594,75414344,0.621568272,2.024098744,5.56489E-45,1.30017E-41,1
rs7612445,3,179172979,ENSG00000242539,ENSG00000242539,0.616936057,0.694602808,1.92905E-44,4.35358E-41,rs7634416,179173224,0.61724854,0.697864554,1.77471E-44,4.02879E-41,0.990354278
rs7612445,3,179172979,ENSG00000269728,ENSG00000269728,0.614347278,0.633196054,3.83933E-44,8.5496E-41,rs7634416,179173224,0.616710527,0.637224106,2.04864E-44,4.61328E-41,0.990354278
rs12908004,15,80676925,ENSG00000172379,ARNT2,0.604337386,0.59993821,5.26771E-43,1.09432E-39,rs12908004,80676925,0.604337386,0.59993821,5.26771E-43,1.09432E-39,1
rs2540949,2,65284231,ENSG00000011523,CEP68,0.565048034,-0.172895977,8.43657E-39,1.36522E-35,rs1009358,65276452,0.578466363,-0.174879457,3.42033E-40,6.02638E-37,0.985460152
rs10873298,14,77426525,ENSG00000266553,RN7SL356P,0.558643931,0.771218017,3.76404E-38,5.82089E-35,rs8181996,77427469,0.56365812,0.78098868,1.1693E-38,1.87466E-35,0.99628931
rs2040862,5,137419989,ENSG00000031003,FAM13B,0.468555214,-0.239635291,6.9148E-30,6.01707E-27,rs78081438,137299621,0.470128416,-0.242903502,5.1016E-30,4.48223E-27,0.976141386
rs2012809,5,128190363,ENSG00000113396,SLC27A6,0.390619517,0.486261448,8.79306E-24,4.6852E-21,rs56285759,128264318,0.482058952,0.529129746,4.936E-31,4.63847E-28,0.850253322
rs12908004,15,80676925,ENSG00000259495,ENSG00000259495,0.378168224,0.753142032,7.04658E-23,3.49116E-20,rs12908004,80676925,0.378168224,0.753142032,7.04658E-23,3.49116E-20,1
rs7134121,12,124447346,ENSG00000250091,DNAH10OS,0.373254341,0.356944775,1.58429E-22,7.63255E-20,rs4930724,124423817,0.394774954,0.370413742,4.34996E-24,2.38003E-21,0.832313765
rs12908004,15,80676925,ENSG00000259417,ENSG00000259417,0.356893908,1.269122975,2.2505E-21,9.79479E-19,rs12908004,80676925,0.356893908,1.269122975,2.2505E-21,9.79479E-19,1
rs56181519,2,175555714,ENSG00000115935,WIPF1,0.35447972,0.189258825,3.31072E-21,1.41875E-18,rs35215597,175543782,0.367964001,0.192275575,3.76407E-22,1.75252E-19,0.918706395
rs34080181,3,66454191,ENSG00000144741,SLC25A26,0.321842505,0.159012879,5.35277E-19,1.86993E-16,rs813636,66354911,0.381917703,0.182485175,3.78158E-23,1.9139E-20,0.503201991
rs2738413,14,64679960,ENSG00000054654,SYNE2,0.321072792,-0.171127069,6.01754E-19,2.08458E-16,chr14:64673560:D,64673560,0.334344426,-0.174574523,7.85109E-20,2.97267E-17,0.974046221
rs35006907,8,125859817,ENSG00000170873,MTSS1,0.317306028,-0.235417499,1.06517E-18,3.57814E-16,rs7461129,125861374,0.343215046,-0.238590297,1.9688E-20,7.91142E-18,0.903593351
rs7134121,12,124447346,ENSG00000119242,CCDC92,0.296278696,0.093353922,2.44427E-17,7.16515E-15,chr12:124401710:D,124401710,0.310805086,0.098228625,2.83373E-18,9.15133E-16,0.925602871
rs34969716,6,18210109,ENSG00000165097,KDM1B,0.295290118,0.212625675,2.82591E-17,8.22898E-15,rs9396839,18278577,0.390619957,0.211404106,8.79241E-24,4.68492E-21,0.454055142
rs3820888,2,201180023,ENSG00000196141,SPATS2L,0.293918435,-0.16109703,3.45499E-17,9.95609E-15,rs295114,201195602,0.455422235,0.202276652,8.4636E-29,6.82834E-26,0.386913004
rs34969716,6,18210109,ENSG00000124795,DEK,0.28846565,0.195744814,7.65326E-17,2.13243E-14,rs214508,18242368,0.471019913,0.195042427,4.29232E-30,3.78791E-27,0.23505149
rs34969716,6,18210109,ENSG00000137364,TPMT,0.288010318,0.162898329,8.17664E-17,2.27139E-14,rs9396851,18335947,0.38600456,0.162619634,1.91083E-23,9.90785E-21,0.455994219
rs2040862,5,137419989,ENSG00000246323,ENSG00000246323,0.284446454,-0.496379833,1.37033E-16,3.7217E-14,rs10077062,137393698,0.284970334,-0.497503801,1.27036E-16,3.46068E-14,0.999646503
rs11658278,17,38031164,ENSG00000161395,PGAP3,0.250886794,-0.114819957,1.57766E-14,3.39049E-12,rs2517955,37843681,0.537482235,0.160979493,4.54392E-36,5.91746E-33,0.294220079
rs60212594,10,75414344,ENSG00000166317,SYNPO2L,0.244687125,-0.233750387,3.7088E-14,7.61459E-12,rs60212594,75414344,0.244687125,-0.233750387,3.7088E-14,7.61459E-12,1
rs17118812,5,139703286,ENSG00000113068,PFDN1,0.243209087,-0.093364625,4.54269E-14,9.22768E-12,rs36050010,139569859,0.507721719,-0.15066145,2.69911E-33,2.93053E-30,0.451803145
rs11125871,2,61470126,ENSG00000237651,C2orf74,0.235371662,-0.263575567,1.32342E-13,2.53929E-11,rs1665274,61380088,0.444461123,0.353012069,6.54467E-28,4.86362E-25,0.469034895
rs12700233,7,904757,ENSG00000164818,HEATR2,0.231047894,-0.128333423,2.37682E-13,4.42656E-11,rs12700233,904757,0.231047894,-0.128333423,2.37682E-13,4.42656E-11,1
rs7134121,12,124447346,ENSG00000179195,ZNF664,0.229987548,0.072440763,2.74257E-13,5.06912E-11,rs7307277,124475156,0.239350886,0.074390525,7.69977E-14,1.52056E-11,0.981449492
rs11658278,17,38031164,ENSG00000167914,GSDMA,0.22069703,0.66222932,9.53745E-13,1.63668E-10,rs4239225,38127112,0.523166122,-0.89683093,1.03055E-34,1.22578E-31,0.161900071
rs1278493,3,135814009,ENSG00000114054,PCCB,0.213836897,0.107388229,2.37306E-12,3.86119E-10,rs10935184,136153468,0.27762298,0.121689864,3.65787E-16,9.45584E-14,0.810000717
rs60902112,3,194800853,ENSG00000173950,XXYLT1,0.204309361,0.149876841,8.31572E-12,1.25871E-09,rs73206619,194801442,0.205416988,0.150685414,7.19274E-12,1.0979E-09,0.976693677
rs1545300,1,112464004,ENSG00000171385,KCND3,0.19527407,-0.1334616,2.6972E-11,3.79685E-09,rs4838927,112463617,0.210852858,-0.12952756,3.51981E-12,5.59459E-10,0.682311938
rs2031522,6,87821501,ENSG00000111850,SMIM8,0.191761036,-0.127629289,4.24823E-11,5.80684E-09,rs12663251,88025934,0.382978677,0.24586993,3.16881E-23,1.612E-20,0.092573915
rs4951258,1,205691316,ENSG00000117280,RAB7L1,0.188899441,-0.126356504,6.14257E-11,8.19231E-09,rs1775145,205756143,0.402509034,-0.205298036,1.15907E-24,6.63753E-22,0.149334568
rs11658278,17,38031164,ENSG00000141744,PNMT,0.183888125,-0.192655083,1.16839E-10,1.49426E-08,rs62678161,37827163,0.368655915,0.2625076,3.36263E-22,1.57331E-19,0.309532678
rs28439930,5,173393111,ENSG00000170091,ENSG00000170091,0.18159058,0.340283878,1.56712E-10,1.96463E-08,chr5:173372483:I,173372483,0.345246906,0.560306093,1.43053E-20,5.81785E-18,0.409174267
rs1980728,13,47247985,ENSG00000136141,LRCH1,0.180227907,0.104735705,1.86458E-10,2.30825E-08,rs866376,47230865,0.192132769,0.107977314,4.04919E-11,5.55135E-09,0.793372202
rs35569628,13,113872712,ENSG00000126218,F10,0.180129285,-0.195592743,1.88816E-10,2.33539E-08,rs3751413,113854715,0.21428761,-0.213418769,2.23561E-12,3.65094E-10,0.626018145
rs73041705,3,24463235,ENSG00000151090,THRB,0.170464878,0.220439381,6.42927E-10,7.29005E-08,rs73041706,24463912,0.172007618,0.222142798,5.29155E-10,6.08924E-08,0.97610331
rs6689306,1,154395946,ENSG00000160712,IL6R,0.168289189,0.175009041,8.45687E-10,9.39948E-08,rs4553185,154410955,0.189586999,0.183050324,5.62236E-11,7.54077E-09,0.857129695
rs56040242,21,45766944,ENSG00000160226,C21orf2,0.153195294,0.09560695,5.56978E-09,5.37262E-07,rs62220411,45755808,0.161635562,-0.112869852,1.94814E-09,2.03992E-07,0.022537768
rs2040862,5,137419989,ENSG00000250260,ENSG00000250260,0.151750413,-0.32152006,6.66121E-09,6.33632E-07,rs10077062,137393698,0.153655228,-0.32396386,5.2611E-09,5.09776E-07,0.999646503
rs11125871,2,61470126,ENSG00000173209,AHSA2,0.148631298,0.105938539,9.79367E-09,9.02729E-07,rs2005285,61481090,0.493339015,0.184353841,5.16377E-32,5.13793E-29,0.157037452
rs4951258,1,205691316,ENSG00000162877,PM20D1,0.146087237,0.656182479,1.33999E-08,1.20484E-06,rs1772143,205799987,0.636762639,-1.271774229,8.45994E-47,2.17037E-43,0.226228138
rs2308655,6,31322303,ENSG00000234745,HLA-B,0.144886392,-0.222744184,1.55329E-08,1.3792E-06,chr6:31325235:D,31325235,0.564556362,0.422676949,9.47031E-39,1.52905E-35,0.085045945
rs2759301,15,80994288,ENSG00000136379,ABHD17C,0.141079809,0.132665133,2.47814E-08,2.1186E-06,rs34769775,80989172,0.172589691,-0.164218731,4.91627E-10,5.68912E-08,0.354842075
rs10520260,4,174447349,ENSG00000237125,HAND2-AS1,0.139917271,-0.146058822,2.85719E-08,2.4134E-06,rs4695731,174457800,0.296303236,-0.198124915,2.43547E-17,7.1407E-15,0.349809509
rs4965430,15,99268850,ENSG00000140443,IGF1R,0.135636405,-0.096023318,4.81923E-08,3.8959E-06,rs1976668,99281192,0.156158687,-0.104656967,3.85566E-09,3.82634E-07,0.886635609
rs464901,22,18597502,ENSG00000183785,TUBA8,0.133997119,0.208471821,5.88411E-08,4.67593E-06,rs464901,18597502,0.133997119,0.208471821,5.88411E-08,4.67593E-06,1
rs12604076,17,76773638,ENSG00000055483,USP36,0.127714592,0.066699542,1.26121E-07,9.38009E-06,rs3826552,76793885,0.189423299,0.081963173,5.74211E-11,7.69135E-09,0.78566782
rs2885697,1,41544279,ENSG00000010803,SCMH1,0.127704762,-0.051804998,1.26271E-07,9.39024E-06,rs2013925,41560291,0.179879282,-0.070260156,1.94928E-10,2.40584E-08,0.587468436
rs12809354,12,32978437,ENSG00000057294,PKP2,0.126877914,-0.112706817,1.39554E-07,1.02865E-05,rs2045172,32980161,0.157408541,-0.126167589,3.30053E-09,3.31486E-07,0.912004543
rs11773845,7,116191301,ENSG00000105974,CAV1,0.126000081,0.094975258,1.55176E-07,1.13281E-05,rs1997571,116198621,0.1260048,0.095098728,1.55088E-07,1.13221E-05,0.98606674
rs11773845,7,116191301,ENSG00000105974,CAV1,0.126000081,0.094975258,1.55176E-07,1.13281E-05,rs1997572,116198828,0.1260048,0.095098728,1.55088E-07,1.13221E-05,0.985642864
rs7508,8,17913970,ENSG00000104763,ASAH1,0.125292257,-0.083392474,1.69028E-07,1.22402E-05,rs447024,17912248,0.12641882,-0.083080674,1.47519E-07,1.08184E-05,0.70078321
rs6790396,3,38771925,ENSG00000185313,SCN10A,0.11989576,-0.315479684,3.23831E-07,2.20991E-05,rs6801957,38767315,0.134129822,-0.329947524,5.78985E-08,4.60678E-06,0.946190789
rs2283038,7,106835410,ENSG00000164597,COG5,0.114689376,0.160530506,6.04679E-07,3.86414E-05,rs2894465,107231278,0.134115685,0.164659189,5.79982E-08,4.61393E-06,0.411461207
rs1563304,17,44874453,ENSG00000238083,LRRC37A2,0.113095678,0.36133153,7.31666E-07,4.57546E-05,rs150507834,44338966,0.576870604,0.86413017,5.03386E-40,8.75442E-37,0.171098985
rs2308655,6,31322303,ENSG00000204520,MICA,0.112654108,-0.259891155,7.71316E-07,4.79893E-05,rs114755437,31378977,0.756925582,-0.640551143,1.35509E-64,2.2199E-60,0.162729322
rs34104130,4,10101300,ENSG00000109667,SLC2A9,0.111612487,-0.140226074,8.73506E-07,5.36649E-05,rs12640847,10081754,0.121137905,-0.144042315,2.78895E-07,1.92898E-05,0.913433937
rs72700114,1,170193825,ENSG00000203740,METTL11B,0.107644105,-0.347124951,1.40192E-06,8.19958E-05,rs73025430,170163703,0.17763249,0.293164576,2.5944E-10,3.1387E-08,0.022822949
rs6841049,4,83910712,ENSG00000251022,THAP9-AS1,0.107192313,-0.08365781,1.47936E-06,8.60752E-05,rs55818134,83889236,0.317360455,-0.167077313,1.05644E-18,3.55266E-16,0.336989665
rs7508,8,17913970,ENSG00000253671,ENSG00000253671,0.106835118,0.244550345,1.54358E-06,8.94473E-05,rs430371,17680676,0.253292672,0.425792943,1.13026E-14,2.46701E-12,0.114001808
rs76097649,11,128764570,ENSG00000174370,C11orf45,0.10657868,0.290040288,1.59139E-06,9.1972E-05,rs4937390,128779802,0.297937972,0.203000001,1.91513E-17,5.67308E-15,0.045057803
rs1563304,17,44874453,ENSG00000185829,ARL17A,0.10590969,0.332172223,1.72315E-06,9.88016E-05,chr17:44774497:D,44774497,0.396321379,-0.567582552,3.3436E-24,1.848E-21,0.012974206
rs35006907,8,125859817,ENSG00000250428,ENSG00000250428,0.104582541,-0.166764874,2.01746E-06,0.00011382,rs35006907,125859817,0.104582541,-0.166764874,2.01746E-06,0.00011382,1
rs76097649,11,128764570,ENSG00000120457,KCNJ5,0.104209995,0.464001206,2.10871E-06,0.000118418,rs3765618,128769876,0.119843956,0.450801891,3.25854E-07,2.22256E-05,0.765558797
rs422068,14,23864804,ENSG00000166091,CMTM5,0.104117126,0.3467506,2.13209E-06,0.000119574,rs451794,23858232,0.1727765,0.721170767,4.80151E-10,5.56539E-08,0.136788683
rs6747542,2,70106832,ENSG00000087338,GMCL1,0.104073098,-0.077615218,2.14327E-06,0.000120133,rs6756513,70172587,0.113539088,-0.0867696,6.93888E-07,4.3699E-05,0.224247779
rs11658278,17,38031164,ENSG00000141736,ERBB2,0.103845113,-0.081994052,2.20206E-06,0.000123093,rs4252627,37868715,0.133832553,0.093322806,6.00313E-08,4.76277E-06,0.353636213
rs56040242,21,45766944,ENSG00000184441,ENSG00000184441,0.103481449,0.100958571,2.29918E-06,0.000127947,rs14313,45756015,0.13430294,-0.123269442,5.66912E-08,4.51903E-06,0.022569732
rs28439930,5,173393111,ENSG00000185056,C5orf47,0.103266304,0.220960515,2.35863E-06,0.000130895,rs10073186,173393823,0.116210215,0.246088588,5.0399E-07,3.28219E-05,0.735311658
rs2288327,2,179411665,ENSG00000079150,FKBP7,0.103107085,0.099569597,2.40361E-06,0.000133099,rs6704545,179341953,0.270899612,0.142879893,9.54219E-16,2.36026E-13,0.281085213
rs6747542,2,70106832,ENSG00000124380,SNRNP27,0.101606448,-0.05245763,2.87168E-06,0.000156194,rs10196546,70157158,0.165202003,-0.074567793,1.24644E-09,1.34796E-07,0.429443842
rs17430364,8,118863445,ENSG00000182197,EXT1,0.100544775,0.117875662,3.25652E-06,0.000174778,rs12677136,118879130,0.134845987,0.141128588,5.3064E-08,4.2548E-06,0.907702997
rs6790396,3,38771925,ENSG00000183873,SCN5A,0.097369365,-0.093161681,4.74105E-06,0.000244311,rs7433306,38770639,0.104281193,-0.095949649,2.09096E-06,0.000117539,0.976801437
rs7170477,15,64103777,ENSG00000259248,USP3-AS1,0.087392403,-0.161455854,1.53531E-05,0.000692741,rs62023079,64136815,0.11716696,-0.193167354,4.49376E-07,2.96016E-05,0.810816955
rs10753933,1,203026214,ENSG00000163485,ADORA1,0.087304901,-0.105847679,1.55117E-05,0.000699009,rs4950874,203021665,0.098216977,0.112994829,4.28912E-06,0.00022343,0.71094059
rs7134121,12,124447346,ENSG00000270028,ENSG00000270028,0.084526281,0.188169053,2.14901E-05,0.000930042,rs3789967,124447339,0.100823335,0.204796284,3.15085E-06,0.000169743,0.838026169
rs17380837,12,26345526,ENSG00000123096,SSPN,0.083305318,-0.086625065,2.4796E-05,0.001053256,rs58747679,26348304,0.089702406,-0.089499786,1.17036E-05,0.000545274,0.991902482
rs62274627,3,148702947,ENSG00000163754,GYG1,0.082676185,0.058183502,2.66924E-05,0.00112277,rs772816,148803679,0.100614773,0.064116211,3.22964E-06,0.000173507,0.854053213
rs34969716,6,18210109,ENSG00000137393,RNF144B,0.08254913,0.168503044,2.70926E-05,0.001137495,rs6900244,18361989,0.140467772,-0.169126977,2.67102E-08,2.26879E-06,0.09119622
rs4073778,1,116297758,ENSG00000118729,CASQ2,0.080725516,0.049074869,3.35398E-05,0.001369887,rs4073778,116297758,0.080725516,0.049074869,3.35398E-05,0.001369887,1
rs10465885,1,147232740,ENSG00000143140,GJA5,0.079311754,0.264745096,3.9571E-05,0.001581737,rs6593809,147232374,0.10290589,0.306687725,2.46166E-06,0.000135955,0.830615903
rs7508,8,17913970,ENSG00000078674,PCM1,0.078812274,-0.062798524,4.19506E-05,0.001663607,chr8:17715025:D,17715025,0.087471138,0.098109388,1.52118E-05,0.000687089,0.036054467
rs74884082,14,73249419,ENSG00000205683,DPF3,0.078505151,0.117468723,4.34841E-05,0.001716033,rs759283,73356307,0.223776524,0.161591106,6.31948E-13,1.11207E-10,0.102077047
rs11125871,2,61470126,ENSG00000162929,KIAA1841,0.074388372,0.057642956,7.03275E-05,0.002599725,rs1177305,61387871,0.220852871,-0.094380194,9.34119E-13,1.60457E-10,0.364232566
rs6850025,4,111596360,ENSG00000250511,ENSG00000250511,0.072086487,-0.354483636,9.19867E-05,0.00327139,chr4:111581628:D,111581628,0.181425888,-0.353401105,1.6004E-10,2.00343E-08,0.109786959
rs72721963,8,135798224,ENSG00000259820,ENSG00000259820,0.071511923,-0.245693752,9.83591E-05,0.003462793,rs10216630,135799322,0.168895071,-0.204728206,7.83582E-10,8.75527E-08,0.123995104
rs775498,12,70071513,ENSG00000166268,MYRFL,0.071318845,0.322627939,0.000100598,0.003530153,chr12:70206900:D,70206900,0.505792854,1.701197037,4.02942E-33,4.32393E-30,0.083819146
rs35005436,7,74134911,ENSG00000160828,STAG3L2,0.070888623,-0.176828061,0.000105771,0.003686097,rs2718272,74099677,0.190424983,-0.200139729,5.04708E-11,6.81983E-09,0.249173022
rs11125871,2,61470126,ENSG00000115464,USP34,0.070346109,-0.035914225,0.000112673,0.003891264,rs10496091,61482261,0.190795722,0.067495309,4.81156E-11,6.52262E-09,0.007847375
rs35006907,8,125859817,ENSG00000249816,LINC00964,0.069689848,-0.175469461,0.000121627,0.004152851,rs10105974,125854515,0.09082694,-0.189881169,1.02536E-05,0.000485202,0.525209329
rs12700233,7,904757,ENSG00000239857,GET4,0.068944486,0.061793754,0.000132659,0.004471729,rs11767322,867405,0.12536673,-0.090654582,1.67514E-07,1.2141E-05,0.26104613
rs2834618,21,36119111,ENSG00000234380,ENSG00000234380,0.06878566,-0.518447484,0.000135136,0.004543022,rs1107470,36099888,0.090332524,-0.503685887,1.08677E-05,0.000510642,0.151023657
rs61501369,4,111524629,ENSG00000250511,ENSG00000250511,0.068158889,-0.239847339,0.000145369,0.004833229,chr4:111581628:D,111581628,0.181425888,-0.353401105,1.6004E-10,2.00343E-08,0.434330738
rs11614818,12,56055815,ENSG00000175398,OR10P1,0.068000022,0.163133441,0.000148083,0.004908572,rs11609481,56011457,0.120294065,-0.203780653,3.0869E-07,2.11589E-05,0.3502738
rs10804493,3,111554426,ENSG00000144824,PHLDB2,0.067780214,-0.116738829,0.000151922,0.005015768,rs56343172,111587245,0.08822067,-0.185311182,1.39299E-05,0.000635902,0.217458869
rs35544454,2,213266003,ENSG00000178568,ERBB4,0.066923624,-0.098216547,0.000167855,0.005456495,chr2:213262216:I,213262216,0.071582174,-0.096298984,9.7557E-05,0.003438808,0.792296925
rs1563304,17,44874453,ENSG00000108379,WNT3,0.066822044,0.148638147,0.000169851,0.0055111,rs199501,44862613,0.185132379,0.239927543,9.96319E-11,1.28773E-08,0.099373509
rs2308655,6,31322303,ENSG00000204540,PSORS1C1,0.066634823,0.246287073,0.000173594,0.005613344,rs3130988,31085700,0.538693193,-0.733530895,3.4743E-36,4.56883E-33,0.059158108
rs35569628,13,113872712,ENSG00000126231,PROZ,0.065498543,-0.214815462,0.00019814,0.006279172,rs9549685,113840901,0.115890992,-0.300873169,5.23641E-07,3.39694E-05,0.690362932
rs35569628,13,113872712,ENSG00000139842,CUL4A,0.064721573,-0.049746291,0.00021689,0.006779356,rs9549704,113885187,0.079042559,-0.056388881,4.08363E-05,0.00162511,0.933630335
rs6689306,1,154395946,ENSG00000228013,ENSG00000228013,0.064109581,0.158573224,0.000232898,0.007195625,rs7549250,154404336,0.076686169,0.171246899,5.37811E-05,0.002062343,0.909781474
rs10753933,1,203026214,ENSG00000122180,MYOG,0.063545149,-0.203070775,0.000248705,0.007602151,rs2270540,203040816,0.076478859,0.219955215,5.50991E-05,0.002106177,0.705709325
rs883079,12,114793240,ENSG00000089225,TBX5,0.062589938,-0.068970812,0.000277936,0.008344258,rs1946295,114802361,0.067553703,-0.075097313,0.000155982,0.005128405,0.860996545
rs12245149,10,65321147,ENSG00000232075,MRPL35P2,0.061903803,0.159100579,0.000301027,0.008921329,rs12218613,65390634,0.166244426,0.274596606,1.09357E-09,1.193E-07,0.396918522
rs7529220,1,22282619,ENSG00000142798,HSPG2,0.061578556,-0.09101025,0.000312634,0.009204583,rs115963344,22171466,0.187042826,0.201109258,7.79798E-11,1.02376E-08,0.01970348
rs422068,14,23864804,ENSG00000166090,IL25,0.061151445,0.193964922,0.000328557,0.009593683,rs45520434,23855426,0.107700933,0.409260671,1.39247E-06,8.15036E-05,0.092096621
rs4963776,12,24779491,ENSG00000255864,ENSG00000255864,0.060799324,0.226142784,0.000342292,0.00992572,rs11047543,24788339,0.067163968,0.250435544,0.000163223,0.005329641,0.775752189
rs577676,1,170587340,ENSG00000116132,PRRX1,0.059971805,0.15206871,0.000376872,0.010743599,rs502612,170641803,0.092521418,-0.172231067,8.39935E-06,0.000406531,0.429145879
rs9899183,17,7452977,ENSG00000141504,SAT2,0.059773141,-0.047273922,0.000385681,0.010950662,rs1641546,7511757,0.449163945,0.125065984,2.73451E-28,2.09738E-25,0.044936378
rs2885697,1,41544279,ENSG00000171793,CTPS1,0.058447402,0.078948275,0.000449973,0.012423125,rs4453027,41453453,0.280396361,-0.165869911,2.45687E-16,6.48056E-14,0.208895465
rs62521286,8,124551975,ENSG00000156804,FBXO32,0.057845084,0.153186552,0.000482623,0.013156624,chr8:124571270:I,124571270,0.086383732,0.200850155,1.7283E-05,0.000768668,0.708563285
rs1563304,17,44874453,ENSG00000073969,NSF,0.057777324,-0.074388776,0.000486441,0.013241662,rs12951057,44794558,0.359780826,0.20011268,1.41582E-21,6.26698E-19,0.027333295
rs11773845,7,116191301,ENSG00000105971,CAV2,0.057710268,0.058429302,0.000490249,0.013324737,chr7:116201897:D,116201897,0.097001762,0.077189465,4.95149E-06,0.000254016,0.702625473
rs2308655,6,31322303,ENSG00000204525,HLA-C,0.057112007,-0.285867335,0.000525574,0.014108748,rs114001460,31236316,0.805173138,1.097539511,2.21232E-74,1.31484E-69,0.134811744
rs11658278,17,38031164,ENSG00000073605,GSDMB,0.056462365,-0.077673373,0.000566822,0.015005924,rs4795402,38085385,0.117056243,-0.121600681,4.55382E-07,2.99601E-05,0.138630836
rs11658278,17,38031164,ENSG00000008838,MED24,0.055392348,-0.031954204,0.000641941,0.01661093,rs11078931,38147294,0.352151057,-0.075794823,4.7979E-21,2.02603E-18,0.13562504
rs7834729,8,21821778,ENSG00000158856,DMTN,0.053635563,0.12675401,0.000787498,0.019602494,rs113973451,21906789,0.290354028,-0.247688423,5.81456E-17,1.64027E-14,0.001132016
rs6994744,8,141740868,ENSG00000169398,PTK2,0.053359698,0.021090782,0.000813184,0.020115998,rs6993266,141762659,0.06109345,-0.02304845,0.00033078,0.009647537,0.890634628
rs775498,12,70071513,ENSG00000127328,RAB3IP,0.051921135,-0.082687106,0.00096137,0.023004209,rs11177865,70196578,0.355249565,0.205900859,2.92772E-21,1.26082E-18,0.026862275
rs2738413,14,64679960,ENSG00000089775,ZBTB25,0.051319704,0.057502808,0.001031081,0.024330541,rs8022537,64904634,0.274707943,-0.136525771,5.54912E-16,1.40734E-13,0.025699747
rs6560886,12,133150210,ENSG00000187848,P2RX2,0.050994653,0.174062622,0.001070844,0.025057945,rs11146975,133194786,0.105172053,0.216409038,1.88102E-06,0.000106924,0.009525178
rs7170477,15,64103777,ENSG00000197361,FBXL22,0.050628789,-0.110255081,0.001117442,0.025918821,rs62023079,64136815,0.076352005,-0.13990489,5.59214E-05,0.002133391,0.810816955
rs11264280,1,154862952,ENSG00000232093,ENSG00000232093,0.050387889,0.126701758,0.001149229,0.02648865,rs4578216,154900721,0.067290011,0.147594615,0.000160845,0.005263656,0.944827949
rs337705,5,113737062,ENSG00000080709,KCNN2,0.049986618,-0.084383091,0.001204202,0.02747781,rs36959,113659776,0.121212334,0.124921637,2.76408E-07,1.91332E-05,0.245054351
rs7225165,17,1309850,ENSG00000108953,YWHAE,0.047263463,-0.037842806,0.00165385,0.035192267,rs8073951,1296569,0.18401294,-0.047094131,1.14988E-10,1.47169E-08,0.096842234
rs11658278,17,38031164,ENSG00000188895,MSL1,0.046305544,0.037205817,0.001849306,0.038352146,rs73306870,38360869,0.305462014,-0.12236339,6.29127E-18,1.95681E-15,0.061226909
rs2738413,14,64679960,ENSG00000100714,MTHFD1,0.04580144,0.043623825,0.001961321,0.040140451,rs1256107,64823381,0.085144006,0.058501123,1.99886E-05,0.00087318,0.509130348
rs8088085,18,48708548,ENSG00000176624,MEX3C,0.044973564,-0.0343367,0.00216027,0.04324262,chr18:48723144:D,48723144,0.082523908,-0.055170924,2.71727E-05,0.001140448,0.48521676
rs2860482,12,57105938,ENSG00000258679,ENSG00000258679,0.043157318,-0.100463476,0.002670791,0.050792814,rs10876933,57221865,0.048379198,0.156529625,0.001452175,0.031787574,0.068845856
rs2860482,12,57105938,ENSG00000258679,ENSG00000258679,0.043157318,-0.100463476,0.002670791,0.050792814,rs7967561,57222024,0.048379198,0.156529625,0.001452175,0.031787574,0.068977612
rs56201652,7,92278116,ENSG00000105810,CDK6,0.043090539,0.061925015,0.002691718,0.051094277,rs76527309,92278173,0.09196227,-0.141094984,8.97104E-06,0.000430911,0.036936757
rs12604076,17,76773638,ENSG00000178404,ENSG00000178404,0.0430198,-0.153810022,0.002714067,0.05141749,rs10852714,76657967,0.063303855,-0.192651502,0.000255785,0.007783564,0.256094424
rs60212594,10,75414344,ENSG00000235316,DUSP8P5,0.041855882,0.087687503,0.003109802,0.056912846,rs2675671,75632760,0.092045209,0.094323211,8.88386E-06,0.000427183,0.145381095
rs34969716,6,18210109,ENSG00000218976,ENSG00000218976,0.041778744,0.196979958,0.003137996,0.057303863,rs7768691,18395231,0.100321726,-0.231539656,3.34367E-06,0.000178931,0.047663884
rs17118812,5,139703286,ENSG00000120306,CYSTM1,0.041660133,-0.046634997,0.003181851,0.05789607,rs416628,139581768,0.157376328,0.084647914,3.31379E-09,3.327E-07,0.114791564
rs6829664,4,114448656,ENSG00000206820,RNU1-138P,0.041532854,0.150754732,0.003229599,0.058524772,rs4834342,114410307,0.051130707,0.165605946,0.001054017,0.024753274,0.889531426
rs6560886,12,133150210,ENSG00000112787,FBRSL1,0.041303546,0.041258542,0.00331745,0.059699304,rs4883556,133121897,0.050085879,-0.033860223,0.001190363,0.027230008,0.186698622
rs11658278,17,38031164,ENSG00000131771,PPP1R1B,0.040823611,-0.172882512,0.003509195,0.062228221,rs75397452,37807707,0.073866793,0.517113069,7.47401E-05,0.002739342,0.001879835
rs775498,12,70071513,ENSG00000127325,BEST3,0.040557623,-0.17903967,0.003620235,0.063686249,rs2870895,70078684,0.130858017,0.275699681,8.61693E-08,6.63083E-06,0.273853272
rs28439930,5,173393111,ENSG00000113742,CPEB4,0.039568249,-0.054008656,0.004065284,0.069314746,rs2086887,173405730,0.093257183,-0.096602891,7.70196E-06,0.000376513,0.158183449
rs11125871,2,61470126,ENSG00000162928,PEX13,0.039338547,-0.028304435,0.004176272,0.070671233,chr2:61325244:D,61325244,0.069232854,-0.040215824,0.000128277,0.004345606,0.33735566
rs7612445,3,179172979,ENSG00000136518,ACTL6A,0.039076043,0.032251083,0.004306859,0.07223864,rs9861100,179237989,0.050873983,0.074272368,0.001085994,0.025336428,0.001793126
rs7134121,12,124447346,ENSG00000256596,ENSG00000256596,0.03788554,0.137324552,0.004952827,0.079863334,rs825457,124538302,0.079368572,0.261498297,3.9309E-05,0.001572557,0.180856292
rs9899183,17,7452977,ENSG00000129255,MPDU1,0.037869406,-0.037337692,0.004962223,0.079970679,rs858524,7511287,0.09936978,-0.05112955,3.74244E-06,0.000197788,0.173384832
rs7687819,4,113329345,ENSG00000174720,LARP7,0.037022452,0.029966393,0.005481599,0.085782618,rs4409021,113603675,0.098352192,0.067611313,4.2211E-06,0.00022026,0.077691654
rs56040242,21,45766944,ENSG00000160233,LRRC3,0.036988521,0.090980631,0.005503515,0.086024038,rs117139334,45875268,0.100453587,0.291688394,3.29188E-06,0.000176455,0.08042078
rs9899183,17,7452977,ENSG00000259224,SLC35G6,0.036866794,0.147687507,0.00558287,0.086889985,rs9906416,7344263,0.084846891,-0.231466798,2.06973E-05,0.000899824,0.123490154
rs55985730,7,128417044,ENSG00000135253,KCP,0.036402336,0.247055849,0.005896433,0.090272469,rs142966946,128553100,0.045981394,-0.139043836,0.001920572,0.039496313,0.0003584
rs1957021,14,32924505,ENSG00000259086,ENSG00000259086,0.036390672,-0.058517807,0.005904533,0.090357446,rs3784191,32923290,0.062626398,-0.091635284,0.000276759,0.008314628,0.592304826
rs60212594,10,75414344,ENSG00000166348,USP54,0.035854222,0.082389993,0.006289482,0.094375051,rs2177843,75409877,0.037402701,0.084003196,0.005241947,0.083115924,0.876443544
rs35005436,7,74134911,ENSG00000184616,ENSG00000184616,0.035830113,0.164167319,0.006307367,0.094565754,rs73137172,74126168,0.051631076,0.225468921,0.00099438,0.023633192,0.395992121
rs2308655,6,31322303,ENSG00000206344,HCG27,0.03566705,0.117985017,0.006429691,0.095827401,rs114383003,31175912,0.360405312,0.395662211,1.28042E-21,5.68941E-19,0.023078829
rs2031522,6,87821501,ENSG00000188994,ZNF292,0.035193253,-0.040190464,0.006798916,0.099517513,rs34442984,87834338,0.061163182,-0.108342841,0.000328108,0.009583119,0.087368267
rs9899183,17,7452977,ENSG00000170175,CHRNB1,0.034937593,-0.057088815,0.007006995,0.101604674,rs9217,7363088,0.142928244,0.105131828,1.97563E-08,1.72028E-06,0.176269315
rs11598047,10,105342672,ENSG00000234699,ENSG00000234699,0.034646857,-0.131083276,0.007251474,0.103992818,rs1994838,105455926,0.06583465,-0.192225193,0.000190539,0.006075093,0.100803952
rs60212594,10,75414344,ENSG00000250959,GLUD1P3,0.034565128,0.10931545,0.007321743,0.104675804,chr10:75505306:I,75505306,0.048440922,0.104613769,0.001441768,0.031611918,0.23452487
rs9899183,17,7452977,ENSG00000215041,NEURL4,0.034426457,0.029866827,0.007442552,0.105845251,rs62059194,7206781,0.145670975,0.058520758,1.41042E-08,1.26305E-06,0.006599354
rs2031522,6,87821501,ENSG00000215477,RCN1P1,0.033937111,-0.119960638,0.007885249,0.110032917,rs35025386,87984589,0.040147092,-0.181978136,0.00379861,0.065959047,0.1971052
rs6689306,1,154395946,ENSG00000163239,TDRD10,0.03345367,-0.057516152,0.008348836,0.114335834,rs60931472,154518642,0.232728917,-0.181579951,1.89359E-13,3.56967E-11,0.205717191
rs60212594,10,75414344,ENSG00000196968,FUT11,0.033101688,-0.057068333,0.008703677,0.117544673,rs11000743,75431675,0.150343442,-0.094107278,7.92727E-09,7.43167E-07,0.267256722
rs11658278,17,38031164,ENSG00000264968,ENSG00000264968,0.032952257,0.119869681,0.008858914,0.118943001,rs4795402,38085385,0.205361252,0.325187026,7.24547E-12,1.10546E-09,0.138630836
rs7650482,3,12841804,ENSG00000144712,CAND2,0.032849072,0.040719482,0.008967746,0.119913754,chr3:12840397:I,12840397,0.095885763,0.066682467,5.64894E-06,0.000285568,0.477080476
rs12604076,17,76773638,ENSG00000108669,CYTH1,0.032723504,-0.030787161,0.009102019,0.12109314,rs6501243,76744555,0.069359648,-0.045539097,0.000126396,0.004291444,0.71030345
rs55985730,7,128417044,ENSG00000128591,FLNC,0.032586148,-0.152648836,0.009251236,0.122403905,rs3823480,128468881,0.082612209,0.147359621,2.68932E-05,0.001130135,0.011283333
rs4999127,1,154714006,ENSG00000143603,KCNN3,0.032489579,-0.136668805,0.00935763,0.123312819,rs1218577,154810683,0.048697697,0.124991862,0.001399271,0.030889077,0.005177068
rs6560886,12,133150210,ENSG00000247077,PGAM5,0.032350725,-0.037245326,0.009512791,0.12465544,rs6560888,133171921,0.101166696,-0.068780887,3.02527E-06,0.000163686,0.185143434
rs7650482,3,12841804,ENSG00000075975,MKRN2,0.031656488,-0.033568737,0.010328689,0.131720997,rs111677937,12606771,0.282776498,0.176336461,1.74396E-16,4.68156E-14,0.03622916
rs12604076,17,76773638,ENSG00000035862,TIMP2,0.031527132,-0.032154132,0.010488404,0.133115219,rs11077400,76864443,0.049779514,-0.044308021,0.001233599,0.028001724,0.000206361
rs34080181,3,66454191,ENSG00000144749,LRIG1,0.031310085,0.032773526,0.010762055,0.135476399,rs1084535,66360030,0.06659062,-0.050278346,0.000174489,0.005638065,0.394940554
rs72700114,1,170193825,ENSG00000075945,KIFAP3,0.030731496,-0.086263951,0.011527568,0.141967638,rs72700114,170193825,0.030731496,-0.086263951,0.011527568,0.141967638,1
rs12700233,7,904757,ENSG00000240230,COX19,0.030493592,0.032612592,0.011858204,0.144701703,rs6461090,841064,0.077746844,0.100472035,4.75135E-05,0.001853639,0.239213779
rs34104130,4,10101300,ENSG00000071127,WDR1,0.030272532,0.029827795,0.012174083,0.147308473,rs3775930,10091098,0.165768388,-0.065488392,1.16093E-09,1.26148E-07,0.213193932
rs12809354,12,32978437,ENSG00000257511,ENSG00000257511,0.030197267,0.073341256,0.012283577,0.148187118,rs16920309,33004902,0.056765859,0.119690843,0.000547163,0.014581241,0.448607522
rs4951258,1,205691316,ENSG00000069275,NUCKS1,0.030033034,0.026043581,0.012525994,0.150155595,rs59414525,205521116,0.071234158,-0.057820444,0.000101596,0.00356046,0.000990389
rs7578393,2,26165528,ENSG00000084733,RAB10,0.02998313,-0.026353428,0.012600617,0.150756757,rs6727717,26142857,0.04469791,-0.025725291,0.002230919,0.044320352,0.401946129
rs11614818,12,56055815,ENSG00000258311,ENSG00000258311,0.02957181,-0.106031698,0.013233192,0.15571669,rs3138142,56115585,0.211850088,-0.336744313,3.08581E-12,4.9429E-10,0.00092456
rs7612445,3,179172979,ENSG00000171121,KCNMB3,0.028875366,0.07839202,0.01437906,0.164526183,rs10936994,178933278,0.10010286,0.16416767,3.43144E-06,0.000183049,0.013237274
rs10465885,1,147232740,ENSG00000162836,ACP6,0.028771929,-0.098351527,0.014557682,0.165830487,rs2153463,147124310,0.583742357,-0.499789638,9.43312E-41,1.7116E-37,0.005700226
rs2860482,12,57105938,ENSG00000135423,GLS2,0.028630337,-0.058706176,0.014805874,0.167668538,rs941208,56983252,0.061570981,-0.08381957,0.000312909,0.009211407,0.31713982
rs35005436,7,74134911,ENSG00000158517,NCF1,0.028264647,0.148178765,0.015467066,0.172486754,chr7:74191707,74191707,0.077909821,0.222838896,4.66172E-05,0.001823082,0.526761619
rs11614818,12,56055815,ENSG00000205327,OR6C68,0.028163832,0.097892739,0.015654598,0.173842565,rs7295016,56040859,0.06355256,0.198539788,0.000248491,0.007596637,0.14835817
rs6829664,4,114448656,ENSG00000145349,CAMK2D,0.028045744,0.037024502,0.015877215,0.175450966,rs57903150,114381844,0.101807231,0.06782386,2.80415E-06,0.000152875,0.29642079
rs11264280,1,154862952,ENSG00000143603,KCNN3,0.027916262,0.094236566,0.016125037,0.177220714,rs1218577,154810683,0.048697697,0.124991862,0.001399271,0.030889077,0.048452454
rs6580277,5,142818123,ENSG00000231579,RPL7P21,0.027872664,-0.067791776,0.016209366,0.177823139,rs11740944,142890742,0.039333126,-0.080537345,0.004178928,0.070703791,0.804575205
rs6462079,7,28415827,ENSG00000146592,CREB5,0.027697943,-0.085535205,0.016551877,0.180230435,rs73090540,28448594,0.040242373,-0.106815407,0.003756436,0.065418898,0.100006061
rs6689306,1,154395946,ENSG00000160714,UBE2Q1,0.027635532,0.018240963,0.016676007,0.18109458,rs2135695,154774958,0.037364918,-0.027699778,0.005265278,0.083374275,0.016336473
rs7687819,4,113329345,ENSG00000073331,ALPK1,0.027376643,-0.051792278,0.017201179,0.18466943,rs11733852,113344203,0.088417916,-0.11264689,1.36109E-05,0.000623028,0.400017328
rs73366713,6,16415751,ENSG00000124788,ATXN1,0.027262042,0.037487047,0.017439026,0.186306547,rs770940,16838006,0.05386816,0.074410047,0.000766473,0.01917787,0.004800311
rs11264280,1,154862952,ENSG00000163354,DCST2,0.026983908,0.086839423,0.018030381,0.190286372,rs7513480,154784466,0.092022527,0.154269998,8.90761E-06,0.000428189,3.27396E-05
rs10873298,14,77426525,ENSG00000258569,ENSG00000258569,0.02698324,0.119270655,0.018031826,0.19029664,rs12589778,77225591,0.050675054,-0.149653293,0.001111439,0.025808149,0.006501035
rs10821415,9,97713459,ENSG00000158169,FANCC,0.026801469,0.03998898,0.018429388,0.192911947,rs3802455,97780992,0.047666762,-0.066629761,0.001577895,0.033930476,0.19380423
rs35176054,10,105480387,ENSG00000107957,SH3PXD2A,0.026749831,-0.045800229,0.018543959,0.193674002,rs10748849,105530086,0.093556106,-0.065115873,7.43536E-06,0.000364927,0.127895817
rs2308655,6,31322303,ENSG00000204538,PSORS1C2,0.026742551,0.15784955,0.018560168,0.193779472,rs9263699,31093699,0.32598883,0.577281481,2.84282E-19,1.02015E-16,0.062187668
rs1980728,13,47247985,ENSG00000139684,ESD,0.026382742,0.02097695,0.019379743,0.199112446,rs2770301,47447710,0.039994688,0.025268133,0.003867062,0.066834316,0.000861146
rs4073778,1,116297758,ENSG00000228127,ENSG00000228127,0.026177701,-0.106141769,0.019863291,0.202209905,rs4483405,116339269,0.046386851,-0.140212586,0.001831851,0.038079027,0.377429137
rs7578393,2,26165528,ENSG00000187536,TPM3P7,0.026146669,-0.054279831,0.019937545,0.202678488,rs111714596,26169354,0.0480565,0.09585601,0.001507824,0.03273717,6.58206E-06
rs7834729,8,21821778,ENSG00000173566,NUDT18,0.025978912,-0.07764432,0.020343912,0.205257666,rs7490,21961834,0.073666015,0.082133526,7.65114E-05,0.002794249,0.019479915
rs2860482,12,57105938,ENSG00000196531,NACA,0.025911031,0.026566186,0.020510748,0.206289134,rs4759028,57080183,0.057675106,0.036619299,0.000492258,0.013369482,0.530847705
rs72926475,2,86594487,ENSG00000132313,MRPL35,0.025762263,0.043427047,0.020881318,0.20859758,rs2288122,86441085,0.173193302,-0.074818813,4.55497E-10,5.29903E-08,0.018630001
rs72926475,2,86594487,ENSG00000068615,REEP1,0.025598388,0.066739887,0.021297482,0.211139414,chr2:86494133:D,86494133,0.074792038,0.087729755,6.70915E-05,0.00249707,0.108469252
rs12245149,10,65321147,ENSG00000171988,JMJD1C,0.025561434,0.029708643,0.021392497,0.211709657,chr10:65308749:D,65308749,0.052522638,-0.049131063,0.000896373,0.021751021,0.670698034
rs2012809,5,128190363,ENSG00000066583,ISOC1,0.025448687,0.050365689,0.021685093,0.213502095,rs257913,128420255,0.140503139,-0.110516338,2.65948E-08,2.25989E-06,0.029551615
rs9899183,17,7452977,ENSG00000161955,TNFSF13,0.0253817,-0.052164779,0.021860877,0.214593022,rs34001984,7675043,0.052721139,0.079116879,0.000875905,0.021352326,0.006719343
rs2308655,6,31322303,ENSG00000226979,LTA,0.025357168,-0.113111664,0.021925618,0.214962159,rs116238323,31390566,0.076227414,-0.283550743,5.6741E-05,0.002160489,0.062044307
rs1563304,17,44874453,ENSG00000232300,FAM215B,0.025270041,0.156852901,0.022157148,0.216351369,rs199448,44809001,0.139950307,0.384025677,2.84566E-08,2.40449E-06,0.222392467
rs10749053,10,112576695,ENSG00000223302,ENSG00000223302,0.024987745,0.041171732,0.022924723,0.220822477,rs57531779,112370470,0.065858959,0.069784064,0.00019,0.006060353,0.004504207
rs12188351,5,168386089,ENSG00000184347,SLIT3,0.024956696,0.106394738,0.0230108,0.221321007,rs141450938,168166647,0.073660164,-0.139373199,7.65636E-05,0.002795944,0.004390534
rs73366713,6,16415751,ENSG00000216364,MRPL42P2,0.024381648,0.055478008,0.024666499,0.230699167,rs150079467,16227297,0.031220745,0.059850873,0.010876792,0.136463634,0.006333199
rs2012809,5,128190363,ENSG00000138829,FBN2,0.024356263,0.208828031,0.024742355,0.231119618,rs6595835,127860749,0.239073888,-0.588040063,7.99629E-14,1.57541E-11,0.043888228
rs35569628,13,113872712,ENSG00000126217,MCF2L,0.024197721,-0.072892836,0.025221571,0.233769972,rs491455,113738175,0.090767696,-0.117808236,1.03253E-05,0.000488197,0.007039058
rs6560886,12,133150210,ENSG00000090615,GOLGA3,0.024085048,0.036489311,0.025567941,0.235670881,rs3741483,133349620,0.149443249,0.100201701,8.85971E-09,8.23251E-07,2.12178E-05
rs7650482,3,12841804,ENSG00000225526,C3orf83,0.024040133,-0.131041628,0.025707378,0.236442391,rs2442817,12593419,0.073046844,0.231913105,8.22415E-05,0.002973285,0.144596827
rs6747542,2,70106832,ENSG00000244617,ASPRV1,0.023699434,-0.055553764,0.026790922,0.242277414,rs6546568,70312980,0.155261722,-0.262620491,4.31021E-09,4.2431E-07,0.030273017
rs6580277,5,142818123,ENSG00000113580,NR3C1,0.023398717,0.026359646,0.027786424,0.247472262,rs1659180,142636339,0.080116874,0.084865947,3.60151E-05,0.00145728,0.198141377
rs7508,8,17913970,ENSG00000104760,FGL1,0.023336845,0.079348688,0.027995937,0.248552958,rs73206291,17612694,0.052520317,-0.219837833,0.000896616,0.021755572,0.013767657
rs2308655,6,31322303,ENSG00000213760,ATP6V1G2,0.0231575,0.073835727,0.028612503,0.251727394,rs3094006,31461558,0.09256274,-0.170679585,8.35857E-06,0.00040483,0.047194195
rs7578393,2,26165528,ENSG00000157833,GAREML,0.023136616,-0.083477317,0.028685208,0.252104346,rs892447,26409950,0.138007515,-0.151116871,3.60857E-08,2.98838E-06,0.001903452
rs6689306,1,154395946,ENSG00000143549,TPM3,0.023111935,0.090555257,0.028771375,0.252554829,chr1:154261876:I,154261876,0.034702326,-0.24123326,0.007204172,0.103530908,0.001599966
rs35006907,8,125859817,ENSG00000255080,ENSG00000255080,0.022920999,-0.104294617,0.029447076,0.255970637,rs4870928,125867255,0.077423433,0.171089585,4.93433E-05,0.001915273,0.427587555
rs10873298,14,77426525,ENSG00000119669,IRF2BPL,0.022618287,-0.039848607,0.030552142,0.261428487,rs17104945,77320376,0.042641744,-0.053212379,0.00283671,0.053143554,0.002256205
rs422068,14,23864804,ENSG00000100842,EFS,0.022422712,0.033270407,0.031288824,0.264977546,rs3759610,23836185,0.115274792,-0.100009439,5.63751E-07,3.62863E-05,0.014899201
rs7508,8,17913970,ENSG00000253944,ENSG00000253944,0.022305844,0.116435596,0.031737789,0.267083012,rs2134310,17647914,0.048499038,0.189023494,0.001432038,0.031447712,0.070952261
rs9401451,6,122099152,ENSG00000220326,ENSG00000220326,0.022190553,0.027344977,0.032187227,0.269223421,chr6:121916888:D,121916888,0.06440773,0.053651385,0.000224957,0.006991462,0.196459671
rs876727,16,73067761,ENSG00000259768,ENSG00000259768,0.022161235,0.130367184,0.032302566,0.269755522,rs16971366,72919582,0.042947135,-0.188702241,0.002737218,0.051750757,0.011391001
rs1563304,17,44874453,ENSG00000179673,RPRML,0.022079813,-0.154303266,0.032625133,0.271300305,rs4968294,45062872,0.056287312,-0.216510382,0.00057848,0.015259549,2.39931E-06
rs12908004,15,80676925,ENSG00000086666,ZFAND6,0.02207619,0.022720175,0.032639566,0.271365913,rs182572742,80297030,0.05162059,-0.037797648,0.000995594,0.023656782,0.004943289
rs7225165,17,1309850,ENSG00000184811,TUSC5,0.021875429,-0.215918343,0.033449621,0.275122395,rs11650063,975373,0.054624627,-0.323154071,0.000701905,0.017852709,0.00361127
rs2291437,12,24715048,ENSG00000060982,BCAT1,0.021861485,0.090216335,0.033506654,0.27537573,rs7136511,25045767,0.048644908,-0.141182223,0.001407904,0.031039666,0.008354523
rs11773845,7,116191301,ENSG00000243243,ENSG00000243243,0.021759434,0.088691174,0.033927122,0.277305443,rs17138749,116133098,0.063654195,0.220442291,0.00024557,0.00752154,0.191034714
rs1563304,17,44874453,ENSG00000108433,GOSR2,0.021756227,-0.034645772,0.033940424,0.277365608,rs11079744,45027119,0.053181672,0.045974713,0.000830203,0.02044835,5.25051E-06
rs10753933,1,203026214,ENSG00000234761,ENSG00000234761,0.021564373,-0.01739854,0.034746103,0.280998436,rs3766568,203101029,0.039169138,0.025540022,0.004260082,0.071678114,8.6017E-05
rs244017,4,111255917,ENSG00000138792,ENPEP,0.021524334,0.084283503,0.034916733,0.281750726,rs12512246,111290726,0.116236715,-0.353047774,5.02392E-07,3.27272E-05,0.003021573
rs17118812,5,139703286,ENSG00000176087,SLC35A4,0.021418366,0.020181729,0.035372533,0.283775433,rs2563315,140008505,0.058485127,-0.03338621,0.000448003,0.01237812,0.000854522
rs17118812,5,139703286,ENSG00000176087,SLC35A4,0.021418366,0.020181729,0.035372533,0.283775433,rs2563316,140007811,0.058485127,-0.03338621,0.000448003,0.01237812,0.000854522
rs17118812,5,139703286,ENSG00000176087,SLC35A4,0.021418366,0.020181729,0.035372533,0.283775433,rs778587,140006430,0.058485127,-0.03338621,0.000448003,0.01237812,0.000876914
rs17118812,5,139703286,ENSG00000176087,SLC35A4,0.021418366,0.020181729,0.035372533,0.283775433,rs778588,140007011,0.058485127,-0.03338621,0.000448003,0.01237812,0.000854522
rs6560886,12,133150210,ENSG00000256875,ENSG00000256875,0.021166602,0.047396819,0.03648038,0.2886686,rs76544231,133061156,0.058921412,0.136868631,0.00042584,0.011874558,0.00107819
rs11598047,10,105342672,ENSG00000148843,PDCD11,0.021098838,-0.026498033,0.036784672,0.289969737,rs3861983,104916857,0.104118986,0.064469865,2.13162E-06,0.000119551,0.000240289
rs60212594,10,75414344,ENSG00000107758,PPP3CB,0.020836721,-0.023446145,0.037986769,0.295156633,rs7910685,75049038,0.025738804,0.025528009,0.020940378,0.208957698,0.079730101
rs73241997,14,35173775,ENSG00000129515,SNX6,0.020689215,-0.027754291,0.038681138,0.298067449,chr14:35039927:I,35039927,0.233867748,-0.072359327,1.62293E-13,3.08145E-11,0.015312718
rs9899183,17,7452977,ENSG00000129244,ATP1B2,0.020463244,-0.061493457,0.039770593,0.302610836,rs8073498,7569698,0.046315762,-0.078938493,0.001847104,0.038317392,0.137624203
rs10873298,14,77426525,ENSG00000198894,CIPC,0.020243601,-0.030218768,0.040860175,0.306971281,chr14:77687262:D,77687262,0.032875093,-0.0911774,0.008940174,0.119661254,0.000830516
rs6790396,3,38771925,ENSG00000157036,EXOG,0.020081163,-0.04386767,0.041685962,0.310307053,rs151617,38424767,0.047086663,0.064570728,0.001688294,0.035758877,0.031150962
rs7789146,7,150661409,ENSG00000055118,KCNH2,0.019894364,-0.036811863,0.042657141,0.314113083,rs748693,150671437,0.037003058,-0.041720918,0.005494115,0.08592031,0.01610005
rs6891790,5,172670745,ENSG00000183072,NKX2-5,0.019830148,-0.045009164,0.042996428,0.315438714,rs113285357,172527091,0.076793224,0.080066605,5.31128E-05,0.002039998,0.02289516
rs2283038,7,106835410,ENSG00000005249,PRKAR2B,0.019777405,0.055775106,0.043277204,0.316523582,rs74457173,106784234,0.112992557,-0.184581995,7.4074E-07,4.62652E-05,0.032146429
rs6747542,2,70106832,ENSG00000196975,ANXA4,0.019776461,0.026772309,0.043282247,0.316540953,rs10205101,70029962,0.043774851,0.042834956,0.002484858,0.048100616,0.454898642
rs7789146,7,150661409,ENSG00000213203,GIMAP1,0.019758816,0.050168965,0.043376617,0.316918526,chr7:150405799:D,150405799,0.12724637,-0.116677662,1.33471E-07,9.87912E-06,0.000772516
rs7834729,8,21821778,ENSG00000168484,SFTPC,0.019708803,-0.151107303,0.043645272,0.317956172,rs10100239,22075878,0.060646764,0.47343828,0.000348419,0.010070103,0.040281166
rs1545300,1,112464004,ENSG00000197852,FAM212B,0.019644223,-0.065860586,0.043994747,0.319280105,rs2800896,112090865,0.058136853,-0.119056168,0.000466521,0.012793786,0.009096243
rs11614818,12,56055815,ENSG00000257569,GSTP1P1,0.019616433,-0.041096427,0.044146029,0.319831287,rs2069408,56364321,0.031193446,-0.056802933,0.0109121,0.13676639,0.009039895
rs56201652,7,92278116,ENSG00000244055,ENSG00000244055,0.019204314,-0.046766463,0.046454453,0.328447351,rs4141273,92187298,0.057097178,-0.088073503,0.000526481,0.014128401,0.09612198
rs56040242,21,45766944,ENSG00000269430,LRRC3DN,0.01918104,0.065956406,0.046588525,0.328938659,rs117139334,45875268,0.120640742,0.32174191,2.96085E-07,2.03711E-05,0.08042078
rs6462079,7,28415827,ENSG00000234336,JAZF1-AS1,0.018866462,0.108916143,0.048440956,0.335635747,rs740261,28241276,0.110692516,-0.322179609,9.74882E-07,5.92191E-05,0.000372773
rs876727,16,73067761,ENSG00000140836,ZFHX3,0.018866114,-0.032379534,0.048443048,0.335641781,rs28709625,72952999,0.046986767,-0.072134189,0.001708074,0.036080601,0.001112796
rs6689306,1,154395946,ENSG00000163263,C1orf189,0.018854426,0.0746623,0.048513344,0.335895359,rs11265616,154419980,0.030706079,-0.108768009,0.01156244,0.142262018,0.371276573
rs11264280,1,154862952,ENSG00000163357,DCST1,0.018851135,0.098904051,0.048533157,0.335968815,rs11264278,154845534,0.018896668,0.099870366,0.048259783,0.334976787,0.997982947
rs9899183,17,7452977,ENSG00000239697,TNFSF12,0.018761698,0.023163169,0.04907486,0.337835298,chr17:7228479,7228479,0.054098,0.037934405,0.00074625,0.018767187,0.006196588
rs422068,14,23864804,ENSG00000136367,ZFHX2,0.018739698,0.05964284,0.049209077,0.338314522,rs59194772,24195657,0.042068396,0.130849938,0.003033441,0.055867201,0.001243094
rs74022964,15,73677264,ENSG00000259528,ENSG00000259528,0.018665722,-0.025856659,0.049663218,0.33980213,rs79240481,73648989,0.028367941,0.059877298,0.015277305,0.171118221,0.021585265
rs35006907,8,125859817,ENSG00000253513,ENSG00000253513,0.018631023,0.023393689,0.049877745,0.34054224,rs62530593,125848919,0.031350513,0.038268791,0.010710538,0.135032946,0.532527805
